record_id,source,class_id,pixels,share_pct,class_name
neu::train::pitted_surface_34.jpg,neu,4,37430,93.575,Class_4
severstal::cb37fc190.jpg,severstal,3,15962,3.89697265625,Class_3
severstal::18c14f720.jpg,severstal,2,3978,0.97119140625,Class_2
severstal::dc702eb04.jpg,severstal,3,41658,10.17041015625,Class_3
severstal::dc702eb04.jpg,severstal,4,9548,2.3310546875,Class_4
severstal::1e1f0b7b0.jpg,severstal,3,1251,0.305419921875,Class_3
severstal::1f9f97b80.jpg,severstal,3,22139,5.405029296875,Class_3
neu::validation::pitted_surface_276.jpg,neu,3,10736,26.84,Class_3
neu::validation::pitted_surface_276.jpg,neu,4,23160,57.9,Class_4
severstal::a41e950ce.jpg,severstal,1,1234,0.30126953125,Class_1
severstal::f3e1e7c47.jpg,severstal,2,2341,0.571533203125,Class_2
neu::validation::pitted_surface_254.jpg,neu,4,37036,92.59,Class_4
severstal::1dac7069c.jpg,severstal,3,27163,6.631591796875,Class_3
severstal::eb5d79866.jpg,severstal,3,33449,8.166259765625,Class_3
severstal::eb5d79866.jpg,severstal,4,1802,0.43994140625,Class_4
severstal::0b4a68676.jpg,severstal,3,15449,3.771728515625,Class_3
severstal::9661e7677.jpg,severstal,3,13019,3.178466796875,Class_3
severstal::4e1c34ada.jpg,severstal,3,16255,3.968505859375,Class_3
severstal::221f866cc.jpg,severstal,3,4403,1.074951171875,Class_3
severstal::ce3818dfd.jpg,severstal,3,37454,9.14404296875,Class_3
severstal::eabd4acaa.jpg,severstal,3,570,0.13916015625,Class_3
neu::train::inclusion_178.jpg,neu,2,5349,13.3725,Class_2
severstal::58049fca1.jpg,severstal,3,5309,1.296142578125,Class_3
severstal::db1b35480.jpg,severstal,3,12104,2.955078125,Class_3
severstal::8ebc9cadc.jpg,severstal,3,14975,3.656005859375,Class_3
severstal::5432ff65a.jpg,severstal,3,9709,2.370361328125,Class_3
severstal::d5345c3da.jpg,severstal,3,2049,0.500244140625,Class_3
severstal::fcce5b9cc.jpg,severstal,3,70987,17.330810546875,Class_3
severstal::d8a7f9cab.jpg,severstal,4,4505,1.099853515625,Class_4
severstal::471b423b1.jpg,severstal,3,12997,3.173095703125,Class_3
severstal::c8c0e5b9d.jpg,severstal,3,16064,3.921875,Class_3
severstal::1bd3a1f4c.jpg,severstal,3,4435,1.082763671875,Class_3
severstal::8484468e0.jpg,severstal,3,13847,3.380615234375,Class_3
severstal::b3d4ba1e2.jpg,severstal,3,6209,1.515869140625,Class_3
severstal::79307aa18.jpg,severstal,3,18896,4.61328125,Class_3
severstal::84beeb839.jpg,severstal,3,7458,1.82080078125,Class_3
severstal::681af7b91.jpg,severstal,3,29232,7.13671875,Class_3
severstal::0f2f4c90e.jpg,severstal,3,90464,22.0859375,Class_3
severstal::0e0d5004d.jpg,severstal,3,11218,2.73876953125,Class_3
neu::train::inclusion_146.jpg,neu,2,10181,25.4525,Class_2
neu::train::patches_93.jpg,neu,3,22710,56.775,Class_3
severstal::dc2b020ba.jpg,severstal,3,1249,0.304931640625,Class_3
severstal::094fd70ea.jpg,severstal,3,65656,16.029296875,Class_3
severstal::d5f7cde8a.jpg,severstal,3,37640,9.189453125,Class_3
severstal::d36df54f6.jpg,severstal,3,27129,6.623291015625,Class_3
severstal::e0593f542.jpg,severstal,3,4670,1.14013671875,Class_3
severstal::adbe07a60.jpg,severstal,3,32923,8.037841796875,Class_3
severstal::6fcfab295.jpg,severstal,3,6797,1.659423828125,Class_3
severstal::7eacbdb66.jpg,severstal,3,92111,22.488037109375,Class_3
severstal::7c159d683.jpg,severstal,3,18048,4.40625,Class_3
severstal::47cee01b1.jpg,severstal,3,2002,0.48876953125,Class_3
neu::train::patches_201.jpg,neu,2,4002,10.005,Class_2
neu::train::patches_201.jpg,neu,3,22203,55.5075,Class_3
severstal::77c387f3b.jpg,severstal,3,9152,2.234375,Class_3
severstal::974750ad1.jpg,severstal,3,18051,4.406982421875,Class_3
severstal::84a9ab164.jpg,severstal,3,28462,6.94873046875,Class_3
severstal::2434f1395.jpg,severstal,3,21884,5.3427734375,Class_3
severstal::54c4f7afa.jpg,severstal,3,3810,0.93017578125,Class_3
severstal::b19603805.jpg,severstal,4,19232,4.6953125,Class_4
severstal::414f0f6f9.jpg,severstal,3,5120,1.25,Class_3
severstal::0391d44d6.jpg,severstal,3,11366,2.77490234375,Class_3
severstal::0391d44d6.jpg,severstal,4,84130,20.53955078125,Class_4
severstal::b9f8dffba.jpg,severstal,3,3984,0.97265625,Class_3
kolektor::train::10821.png,kolektor,4,7466,5.164923349382921,Class_4
neu::train::pitted_surface_83.jpg,neu,4,38208,95.52,Class_4
severstal::13b66e5de.jpg,severstal,4,19435,4.744873046875,Class_4
severstal::f23c857a4.jpg,severstal,3,6830,1.66748046875,Class_3
severstal::f294b84ed.jpg,severstal,3,115,0.028076171875,Class_3
severstal::bbebbd412.jpg,severstal,3,18353,4.480712890625,Class_3
severstal::0bb37f2aa.jpg,severstal,3,2491,0.608154296875,Class_3
severstal::8ebd4074a.jpg,severstal,3,1948,0.4755859375,Class_3
severstal::bac68f2c3.jpg,severstal,3,136673,33.367431640625,Class_3
severstal::d48178eaa.jpg,severstal,3,30534,7.45458984375,Class_3
neu::train::pitted_surface_134.jpg,neu,4,19588,48.97,Class_4
severstal::ac786cb58.jpg,severstal,3,813,0.198486328125,Class_3
severstal::c9c1384be.jpg,severstal,3,5364,1.3095703125,Class_3
severstal::988afc273.jpg,severstal,3,1522,0.37158203125,Class_3
severstal::6b53b62be.jpg,severstal,2,1718,0.41943359375,Class_2
severstal::44a1e7d5f.jpg,severstal,3,3712,0.90625,Class_3
severstal::ef24240a0.jpg,severstal,3,154025,37.603759765625,Class_3
severstal::73d4dae19.jpg,severstal,3,3439,0.839599609375,Class_3
severstal::73d4dae19.jpg,severstal,4,11428,2.7900390625,Class_4
neu::train::crazing_127.jpg,neu,1,14516,36.29,Class_1
severstal::10d9f85be.jpg,severstal,1,1544,0.376953125,Class_1
severstal::2d94df675.jpg,severstal,3,12356,3.0166015625,Class_3
severstal::4fd6b1521.jpg,severstal,3,61475,15.008544921875,Class_3
severstal::ee57ddb83.jpg,severstal,3,1559,0.380615234375,Class_3
severstal::47c24f230.jpg,severstal,1,1692,0.4130859375,Class_1
neu::train::crazing_49.jpg,neu,1,20546,51.365,Class_1
severstal::d3e44d1b4.jpg,severstal,3,32174,7.85498046875,Class_3
neu::train::inclusion_41.jpg,neu,2,15552,38.88,Class_2
severstal::2c4b101db.jpg,severstal,3,3838,0.93701171875,Class_3
severstal::2c4b101db.jpg,severstal,4,13047,3.185302734375,Class_4
severstal::c1c3651cc.jpg,severstal,3,6010,1.46728515625,Class_3
neu::train::pitted_surface_73.jpg,neu,4,38717,96.7925,Class_4
neu::train::crazing_23.jpg,neu,1,32337,80.8425,Class_1
severstal::332e21cbc.jpg,severstal,2,2122,0.51806640625,Class_2
neu::train::patches_227.jpg,neu,2,725,1.8125,Class_2
neu::train::patches_227.jpg,neu,3,22927,57.3175,Class_3
severstal::a05708135.jpg,severstal,3,17628,4.3037109375,Class_3
neu::train::pitted_surface_84.jpg,neu,4,38407,96.0175,Class_4
severstal::8709ea899.jpg,severstal,3,19731,4.817138671875,Class_3
severstal::69a9effa0.jpg,severstal,4,98730,24.10400390625,Class_4
severstal::868759698.jpg,severstal,3,87562,21.37744140625,Class_3
severstal::af6441bac.jpg,severstal,3,2080,0.5078125,Class_3
severstal::5b4e446d3.jpg,severstal,3,3310,0.80810546875,Class_3
neu::validation::inclusion_278.jpg,neu,2,8656,21.64,Class_2
severstal::b57c00a3f.jpg,severstal,3,30877,7.538330078125,Class_3
severstal::6233c9643.jpg,severstal,3,3874,0.94580078125,Class_3
neu::validation::pitted_surface_284.jpg,neu,4,37549,93.8725,Class_4
severstal::6916a083e.jpg,severstal,3,2961,0.722900390625,Class_3
severstal::3b35a1f8e.jpg,severstal,4,31526,7.69677734375,Class_4
severstal::6812ce51c.jpg,severstal,3,14860,3.6279296875,Class_3
neu::train::inclusion_134.jpg,neu,2,9353,23.3825,Class_2
severstal::4d0d86a96.jpg,severstal,3,13126,3.20458984375,Class_3
neu::train::patches_99.jpg,neu,3,18589,46.4725,Class_3
severstal::61457b567.jpg,severstal,4,2663,0.650146484375,Class_4
severstal::6bd0ca419.jpg,severstal,3,5680,1.38671875,Class_3
neu::train::crazing_213.jpg,neu,1,15700,39.25,Class_1
severstal::d8e21a2ae.jpg,severstal,3,9661,2.358642578125,Class_3
severstal::b5967f1ce.jpg,severstal,4,38357,9.364501953125,Class_4
severstal::6eda6852e.jpg,severstal,3,18377,4.486572265625,Class_3
severstal::3ae2aba5e.jpg,severstal,3,1266,0.30908203125,Class_3
severstal::7f08f6d42.jpg,severstal,3,11608,2.833984375,Class_3
kolektor::train::11832.png,kolektor,4,3002,2.070230607966457,Class_4
neu::validation::pitted_surface_257.jpg,neu,4,23010,57.525,Class_4
neu::train::inclusion_97.jpg,neu,2,5031,12.5775,Class_2
severstal::61cbb3c15.jpg,severstal,3,63476,15.4970703125,Class_3
neu::train::pitted_surface_126.jpg,neu,4,35932,89.83,Class_4
kolektor::train::11447.png,kolektor,4,3090,2.0861181998622755,Class_4
severstal::312224509.jpg,severstal,4,2708,0.6611328125,Class_4
severstal::92ca72504.jpg,severstal,3,128980,31.4892578125,Class_3
severstal::bd8556ab8.jpg,severstal,1,4511,1.101318359375,Class_1
severstal::a5d571de0.jpg,severstal,3,18450,4.50439453125,Class_3
neu::train::inclusion_163.jpg,neu,2,16024,40.06,Class_2
severstal::ba3fd31de.jpg,severstal,3,1661,0.405517578125,Class_3
severstal::bd99469d2.jpg,severstal,3,3959,0.966552734375,Class_3
kolektor::train::10672.png,kolektor,4,3649,2.418285926357925,Class_4
severstal::6966ed5f1.jpg,severstal,2,1932,0.4716796875,Class_2
severstal::bb1c6efac.jpg,severstal,3,18381,4.487548828125,Class_3
severstal::c057d7bc1.jpg,severstal,3,8285,2.022705078125,Class_3
kolektor::train::11195.png,kolektor,4,4356,2.905355832721937,Class_4
severstal::991e0dfdf.jpg,severstal,3,252123,61.553466796875,Class_3
severstal::1a70268d4.jpg,severstal,1,1326,0.32373046875,Class_1
neu::train::inclusion_70.jpg,neu,2,12064,30.16,Class_2
severstal::ff44fa556.jpg,severstal,3,5157,1.259033203125,Class_3
severstal::ee4c5ab7f.jpg,severstal,3,70242,17.14892578125,Class_3
severstal::e6bf58db7.jpg,severstal,3,13370,3.26416015625,Class_3
severstal::586b86560.jpg,severstal,3,1012,0.2470703125,Class_3
severstal::a01c8ce20.jpg,severstal,3,7177,1.752197265625,Class_3
severstal::2c39e6ccb.jpg,severstal,3,88112,21.51171875,Class_3
severstal::9e1f9aaaf.jpg,severstal,3,25055,6.116943359375,Class_3
severstal::4edc8b817.jpg,severstal,3,9096,2.220703125,Class_3
severstal::4edc8b817.jpg,severstal,4,31499,7.690185546875,Class_4
severstal::b941eeaa7.jpg,severstal,3,1638,0.39990234375,Class_3
severstal::cecab5a39.jpg,severstal,3,44825,10.943603515625,Class_3
severstal::53c167687.jpg,severstal,3,5597,1.366455078125,Class_3
severstal::49a46692e.jpg,severstal,3,5486,1.33935546875,Class_3
severstal::49a46692e.jpg,severstal,4,37344,9.1171875,Class_4
severstal::64c97319b.jpg,severstal,3,61124,14.9228515625,Class_3
severstal::2b0d476d6.jpg,severstal,2,1658,0.40478515625,Class_2
kolektor::train::11315.png,kolektor,4,16070,10.855907586300074,Class_4
severstal::1ac437ea4.jpg,severstal,3,18379,4.487060546875,Class_3
severstal::1d7f05244.jpg,severstal,3,6827,1.666748046875,Class_3
severstal::fbdc2daae.jpg,severstal,2,1954,0.47705078125,Class_2
severstal::dc3740c5c.jpg,severstal,3,5936,1.44921875,Class_3
severstal::ab2541958.jpg,severstal,3,21447,5.236083984375,Class_3
severstal::e5396a44e.jpg,severstal,3,41600,10.15625,Class_3
severstal::76a390db7.jpg,severstal,3,2968,0.724609375,Class_3
severstal::b4124fe84.jpg,severstal,3,3811,0.930419921875,Class_3
severstal::b45c67a1f.jpg,severstal,1,5553,1.355712890625,Class_1
severstal::b70e904f7.jpg,severstal,3,17846,4.35693359375,Class_3
severstal::32578d3e5.jpg,severstal,3,7896,1.927734375,Class_3
severstal::8ed3c433b.jpg,severstal,3,17780,4.3408203125,Class_3
severstal::ac4ba5c1a.jpg,severstal,3,7089,1.730712890625,Class_3
severstal::e86b2f3e2.jpg,severstal,2,1438,0.35107421875,Class_2
neu::train::crazing_93.jpg,neu,1,21986,54.965,Class_1
severstal::bbc81b646.jpg,severstal,3,35862,8.75537109375,Class_3
severstal::bbc81b646.jpg,severstal,4,38763,9.463623046875,Class_4
severstal::01ebe0d32.jpg,severstal,3,37992,9.275390625,Class_3
severstal::c7edb8625.jpg,severstal,3,8277,2.020751953125,Class_3
severstal::a9c5e9f1e.jpg,severstal,3,8587,2.096435546875,Class_3
severstal::d01d3e444.jpg,severstal,2,4600,1.123046875,Class_2
severstal::aa9a7363b.jpg,severstal,3,17701,4.321533203125,Class_3
severstal::df70a7e07.jpg,severstal,1,1305,0.318603515625,Class_1
severstal::54de37d5e.jpg,severstal,3,13169,3.215087890625,Class_3
severstal::0526d780c.jpg,severstal,3,14080,3.4375,Class_3
neu::train::crazing_220.jpg,neu,1,21610,54.025,Class_1
severstal::a753532d6.jpg,severstal,3,10150,2.47802734375,Class_3
severstal::a753532d6.jpg,severstal,4,71872,17.546875,Class_4
severstal::c3206fb3c.jpg,severstal,3,5389,1.315673828125,Class_3
severstal::c3206fb3c.jpg,severstal,4,3573,0.872314453125,Class_4
severstal::000a4bcdd.jpg,severstal,1,8319,2.031005859375,Class_1
severstal::25c8f7153.jpg,severstal,3,185201,45.215087890625,Class_3
severstal::005f02e20.jpg,severstal,3,3429,0.837158203125,Class_3
neu::train::patches_125.jpg,neu,3,7647,19.1175,Class_3
severstal::de9ce7271.jpg,severstal,1,3796,0.9267578125,Class_1
severstal::d41b69a83.jpg,severstal,3,1800,0.439453125,Class_3
kolektor::train::10729.png,kolektor,4,500,0.33674568965517243,Class_4
severstal::a470f2761.jpg,severstal,1,2015,0.491943359375,Class_1
severstal::70e4c95b6.jpg,severstal,3,12119,2.958740234375,Class_3
neu::train::pitted_surface_113.jpg,neu,4,26119,65.2975,Class_4
severstal::1f4161475.jpg,severstal,1,4434,1.08251953125,Class_1
severstal::599251689.jpg,severstal,2,2816,0.6875,Class_2
neu::validation::crazing_281.jpg,neu,1,19175,47.9375,Class_1
severstal::049bad998.jpg,severstal,3,52142,12.72998046875,Class_3
severstal::2745ecf6b.jpg,severstal,3,14847,3.624755859375,Class_3
severstal::d9077b7f2.jpg,severstal,1,2650,0.64697265625,Class_1
severstal::e6b97f991.jpg,severstal,3,11026,2.69189453125,Class_3
severstal::a3eac30dc.jpg,severstal,3,6071,1.482177734375,Class_3
severstal::549aa706e.jpg,severstal,3,4214,1.02880859375,Class_3
kolektor::train::10663.png,kolektor,4,1689,1.1135284810126582,Class_4
severstal::0cd22bad5.jpg,severstal,3,41937,10.238525390625,Class_3
severstal::5bcaca872.jpg,severstal,3,26358,6.43505859375,Class_3
severstal::c232eea0c.jpg,severstal,3,10918,2.66552734375,Class_3
severstal::ac0bec1fa.jpg,severstal,3,5536,1.3515625,Class_3
severstal::7046618f6.jpg,severstal,1,3495,0.853271484375,Class_1
neu::validation::inclusion_253.jpg,neu,2,2852,7.13,Class_2
severstal::975f12b62.jpg,severstal,3,3698,0.90283203125,Class_3
severstal::3055bb5b8.jpg,severstal,3,9724,2.3740234375,Class_3
kolektor::test::20142.png,kolektor,4,1763,1.2085855504445648,Class_4
severstal::c79086497.jpg,severstal,3,70088,17.111328125,Class_3
severstal::0e7a45695.jpg,severstal,1,943,0.230224609375,Class_1
severstal::d267355be.jpg,severstal,3,27780,6.7822265625,Class_3
severstal::45ba100f4.jpg,severstal,3,55471,13.542724609375,Class_3
severstal::47f5c8e07.jpg,severstal,1,3864,0.943359375,Class_1
severstal::ad6fb4fab.jpg,severstal,3,6014,1.46826171875,Class_3
severstal::c2760fc1a.jpg,severstal,3,26306,6.42236328125,Class_3
severstal::c2760fc1a.jpg,severstal,4,17887,4.366943359375,Class_4
severstal::9fce63e11.jpg,severstal,3,5119,1.249755859375,Class_3
severstal::e6feea803.jpg,severstal,1,7450,1.81884765625,Class_1
severstal::e6feea803.jpg,severstal,3,1807,0.441162109375,Class_3
severstal::d44663f51.jpg,severstal,3,7119,1.738037109375,Class_3
severstal::7f8d10098.jpg,severstal,4,3789,0.925048828125,Class_4
severstal::1308a608d.jpg,severstal,1,9112,2.224609375,Class_1
severstal::933a9dc8b.jpg,severstal,1,2234,0.54541015625,Class_1
severstal::24e21e85a.jpg,severstal,3,22420,5.4736328125,Class_3
severstal::9c4ed4726.jpg,severstal,1,3213,0.784423828125,Class_1
severstal::2d759458e.jpg,severstal,1,838,0.20458984375,Class_1
severstal::c0be19adf.jpg,severstal,3,3904,0.953125,Class_3
severstal::4c8168fcb.jpg,severstal,4,17059,4.164794921875,Class_4
neu::train::crazing_236.jpg,neu,1,32157,80.3925,Class_1
severstal::7420f27c9.jpg,severstal,3,9489,2.316650390625,Class_3
severstal::ecbab23d0.jpg,severstal,3,3066,0.74853515625,Class_3
severstal::edf12f5f1.jpg,severstal,3,7788,1.9013671875,Class_3
severstal::2c63f60e3.jpg,severstal,3,7150,1.74560546875,Class_3
severstal::aeaa1deef.jpg,severstal,1,10025,2.447509765625,Class_1
severstal::2969217e8.jpg,severstal,1,5381,1.313720703125,Class_1
severstal::2969217e8.jpg,severstal,2,4051,0.989013671875,Class_2
neu::train::patches_157.jpg,neu,3,22732,56.83,Class_3
kolektor::train::11003.png,kolektor,4,3671,2.597209644555128,Class_4
kolektor::test::20804.png,kolektor,4,8657,5.934614356323651,Class_4
severstal::b1f5ce725.jpg,severstal,4,31812,7.7666015625,Class_4
severstal::62bf70fee.jpg,severstal,2,6253,1.526611328125,Class_2
severstal::e848a32dd.jpg,severstal,1,3631,0.886474609375,Class_1
severstal::5af025ad7.jpg,severstal,4,69527,16.974365234375,Class_4
severstal::25b57b528.jpg,severstal,3,93426,22.80908203125,Class_3
severstal::d52b35e0e.jpg,severstal,3,7840,1.9140625,Class_3
severstal::32ed255a4.jpg,severstal,3,29423,7.183349609375,Class_3
severstal::6b92f5221.jpg,severstal,3,1718,0.41943359375,Class_3
severstal::274b1d54b.jpg,severstal,3,12136,2.962890625,Class_3
severstal::83298d267.jpg,severstal,4,13451,3.283935546875,Class_4
severstal::f02c1a600.jpg,severstal,3,22284,5.4404296875,Class_3
severstal::cbd4afcc0.jpg,severstal,3,3370,0.82275390625,Class_3
severstal::f7e92727b.jpg,severstal,3,13174,3.21630859375,Class_3
severstal::304083ca3.jpg,severstal,4,19902,4.85888671875,Class_4
severstal::a93b52e93.jpg,severstal,3,6117,1.493408203125,Class_3
kolektor::test::20319.png,kolektor,4,1084,0.7407862995537514,Class_4
severstal::d13688eac.jpg,severstal,3,9394,2.29345703125,Class_3
severstal::b3f7ae992.jpg,severstal,3,4747,1.158935546875,Class_3
neu::validation::patches_285.jpg,neu,3,15144,37.86,Class_3
neu::validation::patches_263.jpg,neu,3,12807,32.0175,Class_3
severstal::8d36899b1.jpg,severstal,3,25747,6.285888671875,Class_3
severstal::4e5b28887.jpg,severstal,3,3571,0.871826171875,Class_3
severstal::d5353adfc.jpg,severstal,3,48370,11.80908203125,Class_3
severstal::31579309c.jpg,severstal,3,1090,0.26611328125,Class_3
severstal::6b9b11301.jpg,severstal,3,1797,0.438720703125,Class_3
neu::train::pitted_surface_27.jpg,neu,4,31454,78.635,Class_4
severstal::205685883.jpg,severstal,1,1269,0.309814453125,Class_1
severstal::205685883.jpg,severstal,2,1631,0.398193359375,Class_2
severstal::64361cd8b.jpg,severstal,3,11815,2.884521484375,Class_3
severstal::b17fcb164.jpg,severstal,3,88350,21.56982421875,Class_3
severstal::808e3f8b8.jpg,severstal,3,12341,3.012939453125,Class_3
kolektor::train::10583.png,kolektor,4,504,0.33392963625521765,Class_4
neu::validation::crazing_250.jpg,neu,1,28287,70.7175,Class_1
severstal::025dc8dc8.jpg,severstal,3,5852,1.4287109375,Class_3
severstal::96ef8f053.jpg,severstal,4,10202,2.49072265625,Class_4
severstal::2b1d39d53.jpg,severstal,3,2204,0.5380859375,Class_3
severstal::198252b95.jpg,severstal,3,12959,3.163818359375,Class_3
severstal::72b465391.jpg,severstal,1,2313,0.564697265625,Class_1
severstal::a9b4c5d52.jpg,severstal,3,7240,1.767578125,Class_3
severstal::1abb621ee.jpg,severstal,1,4358,1.06396484375,Class_1
severstal::f98a8ae54.jpg,severstal,1,4490,1.09619140625,Class_1
neu::train::patches_11.jpg,neu,3,8640,21.6,Class_3
severstal::a345caa40.jpg,severstal,2,2444,0.5966796875,Class_2
severstal::063fa1630.jpg,severstal,4,37284,9.1025390625,Class_4
neu::train::inclusion_145.jpg,neu,2,6039,15.0975,Class_2
severstal::5a752f8cd.jpg,severstal,3,4048,0.98828125,Class_3
severstal::959218299.jpg,severstal,1,2276,0.5556640625,Class_1
severstal::65841b207.jpg,severstal,3,4006,0.97802734375,Class_3
severstal::7202e52d8.jpg,severstal,1,9647,2.355224609375,Class_1
severstal::a21fa9b86.jpg,severstal,3,29198,7.12841796875,Class_3
severstal::954d4296b.jpg,severstal,1,2692,0.6572265625,Class_1
severstal::1dc68a7a7.jpg,severstal,3,5960,1.455078125,Class_3
severstal::45cca62e0.jpg,severstal,3,41810,10.20751953125,Class_3
kolektor::train::10312.png,kolektor,4,6655,4.5085326775467625,Class_4
severstal::8981c24c8.jpg,severstal,3,1272,0.310546875,Class_3
severstal::93775b19c.jpg,severstal,3,21541,5.259033203125,Class_3
severstal::ad76bc064.jpg,severstal,3,8451,2.063232421875,Class_3
severstal::570cb5438.jpg,severstal,3,34836,8.5048828125,Class_3
neu::validation::crazing_276.jpg,neu,1,22190,55.475,Class_1
severstal::fb252eb78.jpg,severstal,1,1540,0.3759765625,Class_1
severstal::379e98755.jpg,severstal,3,90233,22.029541015625,Class_3
severstal::b483a0a1a.jpg,severstal,3,8064,1.96875,Class_3
severstal::6e4a1d647.jpg,severstal,1,3861,0.942626953125,Class_1
severstal::25ccece7f.jpg,severstal,3,2907,0.709716796875,Class_3
severstal::70b0fb0cd.jpg,severstal,3,3584,0.875,Class_3
severstal::9307b3de8.jpg,severstal,3,35850,8.75244140625,Class_3
neu::train::inclusion_78.jpg,neu,2,6066,15.165,Class_2
severstal::41bbe4edd.jpg,severstal,3,43898,10.71728515625,Class_3
severstal::6d6280d5e.jpg,severstal,3,28852,7.0439453125,Class_3
severstal::ef24da2ba.jpg,severstal,1,732,0.1787109375,Class_1
severstal::ef24da2ba.jpg,severstal,2,2115,0.516357421875,Class_2
severstal::ef24da2ba.jpg,severstal,3,5853,1.428955078125,Class_3
severstal::cc61104ff.jpg,severstal,3,17109,4.177001953125,Class_3
neu::train::crazing_108.jpg,neu,1,17254,43.135,Class_1
severstal::169baf9bb.jpg,severstal,3,1493,0.364501953125,Class_3
severstal::c9215fb7a.jpg,severstal,3,28604,6.9833984375,Class_3
severstal::bd1e7ea2d.jpg,severstal,1,11704,2.857421875,Class_1
severstal::ebedf35c7.jpg,severstal,3,68683,16.768310546875,Class_3
severstal::f6749d6fe.jpg,severstal,3,5760,1.40625,Class_3
severstal::2019417e0.jpg,severstal,3,25737,6.283447265625,Class_3
neu::train::crazing_226.jpg,neu,1,30819,77.0475,Class_1
severstal::aa029b4a0.jpg,severstal,3,28789,7.028564453125,Class_3
severstal::47cf3a13c.jpg,severstal,1,5661,1.382080078125,Class_1
neu::train::crazing_160.jpg,neu,1,18238,45.595,Class_1
severstal::17f9f952a.jpg,severstal,1,5653,1.380126953125,Class_1
severstal::6ed69f517.jpg,severstal,3,6296,1.537109375,Class_3
kolektor::train::11228.png,kolektor,4,6220,4.195672116993147,Class_4
neu::train::crazing_199.jpg,neu,1,18552,46.38,Class_1
severstal::04594d04e.jpg,severstal,3,8941,2.182861328125,Class_3
severstal::8299f5460.jpg,severstal,3,5292,1.2919921875,Class_3
severstal::8299f5460.jpg,severstal,4,70387,17.184326171875,Class_4
severstal::cb4d72e56.jpg,severstal,1,1855,0.452880859375,Class_1
severstal::cb4d72e56.jpg,severstal,3,5093,1.243408203125,Class_3
neu::train::inclusion_91.jpg,neu,2,6844,17.11,Class_2
severstal::a1f5481df.jpg,severstal,3,42290,10.32470703125,Class_3
severstal::805ea1870.jpg,severstal,3,72691,17.746826171875,Class_3
severstal::fcb25f2ec.jpg,severstal,3,8448,2.0625,Class_3
severstal::cb43d7be5.jpg,severstal,3,12294,3.00146484375,Class_3
severstal::ae9a53e90.jpg,severstal,3,11084,2.7060546875,Class_3
severstal::4b628b398.jpg,severstal,3,14636,3.5732421875,Class_3
neu::train::inclusion_25.jpg,neu,2,13376,33.44,Class_2
severstal::697149900.jpg,severstal,3,39605,9.669189453125,Class_3
severstal::80f7d7679.jpg,severstal,3,3544,0.865234375,Class_3
neu::train::pitted_surface_96.jpg,neu,4,38805,97.0125,Class_4
severstal::1639cc829.jpg,severstal,3,3181,0.776611328125,Class_3
severstal::9a7b2f3af.jpg,severstal,3,8623,2.105224609375,Class_3
severstal::186534efc.jpg,severstal,3,5611,1.369873046875,Class_3
severstal::baa9d44b3.jpg,severstal,3,27348,6.6767578125,Class_3
kolektor::train::10714.png,kolektor,4,606,0.41040227549776515,Class_4
severstal::4932f1a80.jpg,severstal,1,4104,1.001953125,Class_1
severstal::5feafe9c5.jpg,severstal,3,71082,17.35400390625,Class_3
neu::validation::pitted_surface_261.jpg,neu,3,6564,16.41,Class_3
neu::validation::pitted_surface_261.jpg,neu,4,22344,55.86,Class_4
severstal::7da901e89.jpg,severstal,3,1660,0.4052734375,Class_3
neu::train::crazing_72.jpg,neu,1,23306,58.265,Class_1
severstal::5c9b16686.jpg,severstal,3,43121,10.527587890625,Class_3
severstal::58ee62fd7.jpg,severstal,3,10344,2.525390625,Class_3
neu::validation::crazing_245.jpg,neu,1,14588,36.47,Class_1
kolektor::test::20672.png,kolektor,4,975,0.6615641411879657,Class_4
severstal::07b1a9644.jpg,severstal,3,3627,0.885498046875,Class_3
severstal::ccbd751f2.jpg,severstal,3,1812,0.4423828125,Class_3
severstal::9c41af5a0.jpg,severstal,3,135835,33.162841796875,Class_3
severstal::ccd0ad960.jpg,severstal,3,12807,3.126708984375,Class_3
neu::train::inclusion_96.jpg,neu,2,6928,17.32,Class_2
severstal::8b9681587.jpg,severstal,3,7772,1.8974609375,Class_3
severstal::a189ded53.jpg,severstal,1,2593,0.633056640625,Class_1
severstal::c3ff1a7cd.jpg,severstal,3,74327,18.146240234375,Class_3
severstal::9f34c4775.jpg,severstal,3,50254,12.26904296875,Class_3
severstal::65657b8ed.jpg,severstal,3,48515,11.844482421875,Class_3
severstal::ab13f368e.jpg,severstal,3,14797,3.612548828125,Class_3
severstal::f1e348d35.jpg,severstal,3,43155,10.535888671875,Class_3
severstal::ff5483763.jpg,severstal,3,11161,2.724853515625,Class_3
severstal::a68906588.jpg,severstal,3,3443,0.840576171875,Class_3
severstal::37f331c96.jpg,severstal,3,5268,1.2861328125,Class_3
neu::train::patches_4.jpg,neu,3,5376,13.44,Class_3
severstal::ac912ddc4.jpg,severstal,3,1847,0.450927734375,Class_3
severstal::3fd678c06.jpg,severstal,3,13718,3.34912109375,Class_3
kolektor::train::10084.png,kolektor,4,644,0.4503842952954423,Class_4
severstal::1795867f2.jpg,severstal,4,24372,5.9501953125,Class_4
neu::train::crazing_59.jpg,neu,1,8645,21.6125,Class_1
severstal::e4e9700de.jpg,severstal,4,16303,3.980224609375,Class_4
neu::train::inclusion_151.jpg,neu,2,20406,51.015,Class_2
severstal::8a3ce8312.jpg,severstal,1,7382,1.80224609375,Class_1
severstal::afc4ca4f0.jpg,severstal,3,23392,5.7109375,Class_3
kolektor::train::11969.png,kolektor,4,692,0.4908950321706499,Class_4
severstal::285781401.jpg,severstal,1,11235,2.742919921875,Class_1
neu::train::inclusion_36.jpg,neu,2,22946,57.365,Class_2
severstal::82b258bf4.jpg,severstal,3,1997,0.487548828125,Class_3
severstal::0088260da.jpg,severstal,3,86663,21.157958984375,Class_3
severstal::b00741c0a.jpg,severstal,3,8289,2.023681640625,Class_3
severstal::b00741c0a.jpg,severstal,4,76417,18.656494140625,Class_4
neu::train::inclusion_150.jpg,neu,2,7084,17.71,Class_2
neu::train::patches_20.jpg,neu,3,11460,28.65,Class_3
severstal::39b8cb37a.jpg,severstal,4,40553,9.900634765625,Class_4
kolektor::test::20392.png,kolektor,4,7626,5.158279220779221,Class_4
severstal::00e0398ad.jpg,severstal,3,96228,23.4931640625,Class_3
kolektor::test::20848.png,kolektor,4,8310,5.638562064894353,Class_4
severstal::b1b95cd4d.jpg,severstal,3,4217,1.029541015625,Class_3
severstal::4dbadaa3e.jpg,severstal,1,799,0.195068359375,Class_1
severstal::4dbadaa3e.jpg,severstal,3,9344,2.28125,Class_3
severstal::918c32419.jpg,severstal,3,7838,1.91357421875,Class_3
severstal::30a6a340c.jpg,severstal,2,5190,1.26708984375,Class_2
neu::validation::pitted_surface_272.jpg,neu,3,1488,3.72,Class_3
neu::validation::pitted_surface_272.jpg,neu,4,38024,95.06,Class_4
severstal::618f0ff16.jpg,severstal,3,3419,0.834716796875,Class_3
severstal::cf7dbc448.jpg,severstal,3,18944,4.625,Class_3
neu::train::pitted_surface_142.jpg,neu,4,37828,94.57,Class_4
severstal::2365be47a.jpg,severstal,3,168648,41.173828125,Class_3
severstal::974b07e79.jpg,severstal,3,12980,3.1689453125,Class_3
severstal::c80be4ee4.jpg,severstal,3,9417,2.299072265625,Class_3
severstal::e2f3d138a.jpg,severstal,3,8077,1.971923828125,Class_3
neu::train::patches_187.jpg,neu,2,2619,6.5475,Class_2
neu::train::patches_187.jpg,neu,3,12891,32.2275,Class_3
neu::train::crazing_190.jpg,neu,1,25379,63.4475,Class_1
severstal::2a4e81982.jpg,severstal,3,40538,9.89697265625,Class_3
severstal::29a023a11.jpg,severstal,3,2501,0.610595703125,Class_3
severstal::4b56df46d.jpg,severstal,3,5046,1.23193359375,Class_3
severstal::4b56df46d.jpg,severstal,4,14632,3.572265625,Class_4
severstal::3964357cd.jpg,severstal,4,88988,21.7255859375,Class_4
severstal::f195eeda7.jpg,severstal,2,2944,0.71875,Class_2
severstal::abab01f92.jpg,severstal,1,2385,0.582275390625,Class_1
severstal::abab01f92.jpg,severstal,3,2653,0.647705078125,Class_3
severstal::476efaa3d.jpg,severstal,3,61639,15.048583984375,Class_3
severstal::476efaa3d.jpg,severstal,4,32908,8.0341796875,Class_4
severstal::b90e286a5.jpg,severstal,1,9189,2.243408203125,Class_1
severstal::23bb4d637.jpg,severstal,3,29367,7.169677734375,Class_3
severstal::f430ab232.jpg,severstal,3,18942,4.62451171875,Class_3
severstal::d25a11fdd.jpg,severstal,3,22688,5.5390625,Class_3
neu::train::pitted_surface_122.jpg,neu,4,29701,74.2525,Class_4
severstal::fc9f88417.jpg,severstal,3,17760,4.3359375,Class_3
kolektor::train::10414.png,kolektor,4,4373,3.126698126698127,Class_4
severstal::c75e6bd36.jpg,severstal,2,2649,0.646728515625,Class_2
severstal::0ea151b2f.jpg,severstal,3,42925,10.479736328125,Class_3
neu::train::inclusion_175.jpg,neu,2,5558,13.895,Class_2
severstal::15d8b6f02.jpg,severstal,3,16531,4.035888671875,Class_3
severstal::712faf067.jpg,severstal,3,39942,9.75146484375,Class_3
kolektor::test::20543.png,kolektor,4,609,0.4109644505627986,Class_4
severstal::941e9a9d6.jpg,severstal,1,8792,2.146484375,Class_1
neu::validation::patches_276.jpg,neu,3,12892,32.23,Class_3
severstal::e036add44.jpg,severstal,3,11473,2.801025390625,Class_3
neu::train::patches_82.jpg,neu,3,7326,18.315,Class_3
severstal::5ff533576.jpg,severstal,3,13259,3.237060546875,Class_3
severstal::8f7426e6d.jpg,severstal,3,34666,8.46337890625,Class_3
neu::validation::inclusion_246.jpg,neu,2,8259,20.6475,Class_2
severstal::4a9bd840f.jpg,severstal,3,9966,2.43310546875,Class_3
severstal::4a9bd840f.jpg,severstal,4,88392,21.580078125,Class_4
severstal::636bad9bd.jpg,severstal,3,60211,14.699951171875,Class_3
severstal::1fa0c8951.jpg,severstal,3,3998,0.97607421875,Class_3
kolektor::train::12109.png,kolektor,4,865,0.5899443474465299,Class_4
severstal::3116edfe6.jpg,severstal,3,3029,0.739501953125,Class_3
severstal::d0577e299.jpg,severstal,3,13011,3.176513671875,Class_3
severstal::0dd76b019.jpg,severstal,3,4718,1.15185546875,Class_3
severstal::6267f94de.jpg,severstal,3,114452,27.9423828125,Class_3
severstal::ee0ad947e.jpg,severstal,3,3566,0.87060546875,Class_3
kolektor::train::11512.png,kolektor,4,177,0.12039342121372894,Class_4
severstal::6ad67f690.jpg,severstal,3,32264,7.876953125,Class_3
severstal::539baaeda.jpg,severstal,3,8105,1.978759765625,Class_3
severstal::2ec10042f.jpg,severstal,1,2758,0.67333984375,Class_1
kolektor::train::11695.png,kolektor,4,504,0.38985148514851486,Class_4
severstal::ff1020719.jpg,severstal,3,22893,5.589111328125,Class_3
neu::train::patches_166.jpg,neu,3,16840,42.1,Class_3
severstal::9ead58088.jpg,severstal,3,133135,32.503662109375,Class_3
severstal::4d35cc84e.jpg,severstal,3,10420,2.5439453125,Class_3
severstal::091d21109.jpg,severstal,3,44943,10.972412109375,Class_3
severstal::09552b326.jpg,severstal,3,27555,6.727294921875,Class_3
severstal::d23a1bdc9.jpg,severstal,3,1239,0.302490234375,Class_3
neu::train::crazing_21.jpg,neu,1,26383,65.9575,Class_1
neu::validation::pitted_surface_249.jpg,neu,4,38808,97.02,Class_4
severstal::ce44910a4.jpg,severstal,3,5331,1.301513671875,Class_3
severstal::dc636ab48.jpg,severstal,2,2632,0.642578125,Class_2
neu::train::crazing_19.jpg,neu,1,4928,12.32,Class_1
severstal::5ff129eb1.jpg,severstal,3,11589,2.829345703125,Class_3
severstal::86cbb2d1f.jpg,severstal,1,9892,2.4150390625,Class_1
severstal::9612cf3ee.jpg,severstal,3,3817,0.931884765625,Class_3
severstal::cd5b14850.jpg,severstal,1,163,0.039794921875,Class_1
severstal::cd5b14850.jpg,severstal,2,849,0.207275390625,Class_2
severstal::4fe777e50.jpg,severstal,3,18365,4.483642578125,Class_3
severstal::841c1f67e.jpg,severstal,3,18787,4.586669921875,Class_3
neu::train::pitted_surface_67.jpg,neu,4,32333,80.8325,Class_4
severstal::32fa68bed.jpg,severstal,3,5383,1.314208984375,Class_3
severstal::2744b6b26.jpg,severstal,3,64950,15.85693359375,Class_3
severstal::babc63c5b.jpg,severstal,3,3601,0.879150390625,Class_3
severstal::de001c4e1.jpg,severstal,3,80062,19.54638671875,Class_3
severstal::de001c4e1.jpg,severstal,4,17548,4.2841796875,Class_4
neu::validation::inclusion_274.jpg,neu,2,10988,27.47,Class_2
severstal::9d34d1ed3.jpg,severstal,3,12928,3.15625,Class_3
severstal::d25356a51.jpg,severstal,3,21686,5.29443359375,Class_3
neu::validation::pitted_surface_300.jpg,neu,4,38998,97.495,Class_4
severstal::7fb0c3636.jpg,severstal,3,49484,12.0810546875,Class_3
severstal::7f25edc7a.jpg,severstal,3,8567,2.091552734375,Class_3
severstal::9270f72ac.jpg,severstal,3,12943,3.159912109375,Class_3
severstal::2e8489244.jpg,severstal,3,54464,13.296875,Class_3
severstal::69d95aeea.jpg,severstal,3,3370,0.82275390625,Class_3
severstal::10c190f20.jpg,severstal,3,6750,1.64794921875,Class_3
severstal::aa218783a.jpg,severstal,3,42004,10.2548828125,Class_3
severstal::232a62357.jpg,severstal,3,2932,0.7158203125,Class_3
severstal::e669ef644.jpg,severstal,3,3026,0.73876953125,Class_3
severstal::689af3e16.jpg,severstal,3,32731,7.990966796875,Class_3
severstal::46e0f0f9c.jpg,severstal,3,106902,26.09912109375,Class_3
severstal::55a585807.jpg,severstal,1,2435,0.594482421875,Class_1
neu::validation::inclusion_266.jpg,neu,2,14236,35.59,Class_2
severstal::6a64ceedf.jpg,severstal,4,14700,3.5888671875,Class_4
severstal::6afbf77ec.jpg,severstal,3,20159,4.921630859375,Class_3
severstal::69e2943d2.jpg,severstal,3,14976,3.65625,Class_3
neu::train::crazing_208.jpg,neu,1,26484,66.21,Class_1
severstal::23b06f857.jpg,severstal,4,12671,3.093505859375,Class_4
severstal::21bf9d854.jpg,severstal,1,3508,0.8564453125,Class_1
kolektor::train::10201.png,kolektor,4,9025,6.167524311321593,Class_4
neu::train::pitted_surface_208.jpg,neu,3,10901,27.2525,Class_3
neu::train::pitted_surface_208.jpg,neu,4,24450,61.125,Class_4
neu::train::pitted_surface_37.jpg,neu,4,39601,99.0025,Class_4
severstal::d79e948c4.jpg,severstal,1,7909,1.930908203125,Class_1
severstal::3a2f71136.jpg,severstal,3,2574,0.62841796875,Class_3
severstal::a997f247d.jpg,severstal,1,5232,1.27734375,Class_1
severstal::ea23dae53.jpg,severstal,3,2680,0.654296875,Class_3
severstal::8e53eee1d.jpg,severstal,1,2616,0.638671875,Class_1
severstal::446b75ffb.jpg,severstal,3,16354,3.99267578125,Class_3
neu::train::patches_105.jpg,neu,3,12911,32.2775,Class_3
neu::train::inclusion_29.jpg,neu,2,17069,42.6725,Class_2
severstal::8a2a8a476.jpg,severstal,3,3246,0.79248046875,Class_3
severstal::96279bbc2.jpg,severstal,3,12030,2.93701171875,Class_3
severstal::8e7477968.jpg,severstal,3,35266,8.60986328125,Class_3
severstal::354760e3e.jpg,severstal,3,140,0.0341796875,Class_3
severstal::ce02060b9.jpg,severstal,4,12724,3.1064453125,Class_4
severstal::889454305.jpg,severstal,3,22704,5.54296875,Class_3
severstal::9efc6682e.jpg,severstal,3,1458,0.35595703125,Class_3
severstal::38760254d.jpg,severstal,3,24064,5.875,Class_3
severstal::48f6abec0.jpg,severstal,3,5688,1.388671875,Class_3
severstal::5335b8fd7.jpg,severstal,4,74399,18.163818359375,Class_4
severstal::51f9ccdd2.jpg,severstal,3,40640,9.921875,Class_3
severstal::1be84c6a7.jpg,severstal,3,8588,2.0966796875,Class_3
severstal::b733d1672.jpg,severstal,3,8835,2.156982421875,Class_3
severstal::b733d1672.jpg,severstal,4,2959,0.722412109375,Class_4
severstal::d30ad2e83.jpg,severstal,1,1649,0.402587890625,Class_1
severstal::bbaeed54e.jpg,severstal,4,38448,9.38671875,Class_4
severstal::fafd76f70.jpg,severstal,3,15032,3.669921875,Class_3
neu::train::inclusion_80.jpg,neu,2,14180,35.45,Class_2
severstal::d1bc386ce.jpg,severstal,3,99289,24.240478515625,Class_3
neu::train::crazing_10.jpg,neu,1,28485,71.2125,Class_1
neu::train::inclusion_162.jpg,neu,2,18978,47.445,Class_2
severstal::17f611256.jpg,severstal,3,44439,10.849365234375,Class_3
severstal::6909e168c.jpg,severstal,1,4644,1.1337890625,Class_1
neu::validation::pitted_surface_265.jpg,neu,4,35880,89.7,Class_4
severstal::c80f387aa.jpg,severstal,3,32498,7.93408203125,Class_3
severstal::150cadc70.jpg,severstal,3,28827,7.037841796875,Class_3
severstal::d85f94a97.jpg,severstal,3,4419,1.078857421875,Class_3
severstal::3a0e5cad8.jpg,severstal,3,2787,0.680419921875,Class_3
severstal::c204673e4.jpg,severstal,3,4725,1.153564453125,Class_3
neu::train::inclusion_45.jpg,neu,2,14434,36.085,Class_2
severstal::549613483.jpg,severstal,3,1998,0.48779296875,Class_3
severstal::8a7eddd78.jpg,severstal,3,3526,0.86083984375,Class_3
severstal::196e624f5.jpg,severstal,3,9880,2.412109375,Class_3
severstal::b64e18b92.jpg,severstal,1,813,0.198486328125,Class_1
severstal::b64e18b92.jpg,severstal,3,4699,1.147216796875,Class_3
severstal::6c9d6cc47.jpg,severstal,1,501,0.122314453125,Class_1
neu::train::pitted_surface_33.jpg,neu,4,38009,95.0225,Class_4
severstal::a6c7b60b3.jpg,severstal,3,72689,17.746337890625,Class_3
severstal::d07afd5bf.jpg,severstal,1,6155,1.502685546875,Class_1
severstal::a3a66a86a.jpg,severstal,3,3445,0.841064453125,Class_3
severstal::d6674b01e.jpg,severstal,3,13877,3.387939453125,Class_3
severstal::4854add54.jpg,severstal,3,31155,7.606201171875,Class_3
severstal::e003d691f.jpg,severstal,3,12528,3.05859375,Class_3
severstal::f07969848.jpg,severstal,4,29747,7.262451171875,Class_4
kolektor::test::20428.png,kolektor,4,1447,0.9736174564832695,Class_4
severstal::1aa2ba1b5.jpg,severstal,3,17964,4.3857421875,Class_3
severstal::20bee9bda.jpg,severstal,3,177200,43.26171875,Class_3
severstal::5283b3138.jpg,severstal,3,562,0.13720703125,Class_3
severstal::fc62ebb8b.jpg,severstal,3,8366,2.04248046875,Class_3
severstal::746417f50.jpg,severstal,3,16587,4.049560546875,Class_3
severstal::5698f3507.jpg,severstal,4,57476,14.0322265625,Class_4
severstal::ae4555b5b.jpg,severstal,4,36951,9.021240234375,Class_4
severstal::66ac60af4.jpg,severstal,3,7680,1.875,Class_3
severstal::6085fc4cc.jpg,severstal,3,15337,3.744384765625,Class_3
neu::train::pitted_surface_146.jpg,neu,4,37054,92.635,Class_4
severstal::0cfcad1f5.jpg,severstal,3,311,0.075927734375,Class_3
severstal::bf295a8e9.jpg,severstal,3,2112,0.515625,Class_3
severstal::0ce5ead68.jpg,severstal,3,11563,2.822998046875,Class_3
severstal::21ef20784.jpg,severstal,1,4385,1.070556640625,Class_1
neu::train::patches_131.jpg,neu,3,7627,19.0675,Class_3
severstal::b658e6c9f.jpg,severstal,3,16079,3.925537109375,Class_3
severstal::9d3b4a019.jpg,severstal,4,14419,3.520263671875,Class_4
severstal::2c061aed6.jpg,severstal,3,47686,11.64208984375,Class_3
severstal::9eed4fc7c.jpg,severstal,3,3942,0.96240234375,Class_3
severstal::55979505e.jpg,severstal,3,14015,3.421630859375,Class_3
severstal::ffbd081d5.jpg,severstal,3,41049,10.021728515625,Class_3
severstal::35a9b77c6.jpg,severstal,4,32859,8.022216796875,Class_4
severstal::58c262a8b.jpg,severstal,3,7236,1.7666015625,Class_3
severstal::519599df3.jpg,severstal,3,12138,2.96337890625,Class_3
severstal::724dd91a0.jpg,severstal,2,2991,0.730224609375,Class_2
severstal::ccbeeb18a.jpg,severstal,2,4654,1.13623046875,Class_2
severstal::cd6365314.jpg,severstal,3,134124,32.7451171875,Class_3
severstal::6faf833c5.jpg,severstal,3,13642,3.33056640625,Class_3
severstal::3ba673afd.jpg,severstal,1,2738,0.66845703125,Class_1
severstal::cac09c825.jpg,severstal,3,61057,14.906494140625,Class_3
severstal::e2d7cf5a9.jpg,severstal,4,13751,3.357177734375,Class_4
severstal::4c6110948.jpg,severstal,3,19051,4.651123046875,Class_3
severstal::8d9b43515.jpg,severstal,4,9927,2.423583984375,Class_4
severstal::fc5e5979c.jpg,severstal,3,10505,2.564697265625,Class_3
severstal::a5ed4358c.jpg,severstal,3,1467,0.358154296875,Class_3
severstal::a2b2c9e3e.jpg,severstal,3,132235,32.283935546875,Class_3
kolektor::train::10309.png,kolektor,4,43011,29.83870408269451,Class_4
severstal::ce7570214.jpg,severstal,4,34304,8.375,Class_4
neu::train::pitted_surface_201.jpg,neu,4,22035,55.0875,Class_4
severstal::2c8d08d8d.jpg,severstal,3,1659,0.405029296875,Class_3
severstal::ce42693fb.jpg,severstal,3,54060,13.1982421875,Class_3
kolektor::train::12131.png,kolektor,4,2204,1.5606854553179437,Class_4
severstal::846788254.jpg,severstal,1,7941,1.938720703125,Class_1
severstal::9378a6f12.jpg,severstal,3,24069,5.876220703125,Class_3
severstal::97b77f9e6.jpg,severstal,3,50462,12.31982421875,Class_3
severstal::b8a955c48.jpg,severstal,3,65765,16.055908203125,Class_3
severstal::a4dff615e.jpg,severstal,3,5828,1.4228515625,Class_3
severstal::d5425f5f5.jpg,severstal,3,10989,2.682861328125,Class_3
severstal::a239718e1.jpg,severstal,3,19098,4.66259765625,Class_3
severstal::23b787894.jpg,severstal,3,3581,0.874267578125,Class_3
severstal::77e5c398e.jpg,severstal,3,80323,19.610107421875,Class_3
severstal::77e5c398e.jpg,severstal,4,47744,11.65625,Class_4
severstal::af67d55bd.jpg,severstal,3,32000,7.8125,Class_3
severstal::7c764812d.jpg,severstal,1,4107,1.002685546875,Class_1
severstal::7c764812d.jpg,severstal,3,1851,0.451904296875,Class_3
kolektor::train::10845.png,kolektor,4,2097,1.429594028019225,Class_4
severstal::409adafbe.jpg,severstal,3,4345,1.060791015625,Class_3
severstal::c4d0af8e1.jpg,severstal,3,7783,1.900146484375,Class_3
severstal::2a07798b5.jpg,severstal,3,8983,2.193115234375,Class_3
neu::train::patches_26.jpg,neu,3,29011,72.5275,Class_3
severstal::484439824.jpg,severstal,3,6737,1.644775390625,Class_3
severstal::f69caf7dd.jpg,severstal,3,54154,13.22119140625,Class_3
severstal::5ba141d56.jpg,severstal,1,6033,1.472900390625,Class_1
severstal::21ac40700.jpg,severstal,2,3710,0.90576171875,Class_2
severstal::82e32c810.jpg,severstal,3,1695,0.413818359375,Class_3
neu::train::inclusion_182.jpg,neu,2,8537,21.3425,Class_2
severstal::bba274c50.jpg,severstal,3,12150,2.96630859375,Class_3
severstal::464987349.jpg,severstal,3,4460,1.0888671875,Class_3
severstal::d2291de5c.jpg,severstal,1,887,0.216552734375,Class_1
severstal::d2291de5c.jpg,severstal,2,2971,0.725341796875,Class_2
severstal::a8188747f.jpg,severstal,3,21785,5.318603515625,Class_3
neu::train::crazing_138.jpg,neu,1,11920,29.8,Class_1
severstal::461f83c57.jpg,severstal,1,2332,0.5693359375,Class_1
severstal::0b5051d9f.jpg,severstal,3,4162,1.01611328125,Class_3
severstal::927100ebb.jpg,severstal,3,52908,12.9169921875,Class_3
severstal::5dd89309f.jpg,severstal,3,35005,8.546142578125,Class_3
severstal::2e8f2ddb8.jpg,severstal,3,4607,1.124755859375,Class_3
severstal::de049d393.jpg,severstal,3,29549,7.214111328125,Class_3
severstal::94c746443.jpg,severstal,3,3980,0.9716796875,Class_3
severstal::bfc738650.jpg,severstal,4,10335,2.523193359375,Class_4
severstal::9a75974ba.jpg,severstal,1,2873,0.701416015625,Class_1
severstal::ce0b7102f.jpg,severstal,1,2496,0.609375,Class_1
severstal::eae840b74.jpg,severstal,3,1486,0.36279296875,Class_3
severstal::621c5bfe5.jpg,severstal,4,3850,0.93994140625,Class_4
neu::train::inclusion_199.jpg,neu,2,8900,22.25,Class_2
severstal::a9b327adb.jpg,severstal,3,49939,12.192138671875,Class_3
kolektor::test::20457.png,kolektor,4,9244,6.31455270779824,Class_4
severstal::8dc0f0966.jpg,severstal,3,47615,11.624755859375,Class_3
severstal::a0ee7a955.jpg,severstal,3,1631,0.398193359375,Class_3
severstal::1c8802c08.jpg,severstal,4,48432,11.82421875,Class_4
severstal::d73e9b13b.jpg,severstal,3,3502,0.85498046875,Class_3
severstal::bba583ae1.jpg,severstal,4,7511,1.833740234375,Class_4
severstal::ca4309568.jpg,severstal,3,25203,6.153076171875,Class_3
severstal::86b7dbfe8.jpg,severstal,3,2726,0.66552734375,Class_3
severstal::353e60eef.jpg,severstal,3,12101,2.954345703125,Class_3
kolektor::train::11250.png,kolektor,4,2293,1.5515888052833866,Class_4
severstal::68c9524d6.jpg,severstal,1,5654,1.38037109375,Class_1
severstal::037fca267.jpg,severstal,3,7963,1.944091796875,Class_3
severstal::1c3a58b06.jpg,severstal,3,10140,2.4755859375,Class_3
severstal::43746d404.jpg,severstal,3,2669,0.651611328125,Class_3
severstal::77e68176f.jpg,severstal,1,1209,0.295166015625,Class_1
neu::train::pitted_surface_45.jpg,neu,4,27580,68.95,Class_4
severstal::5d3cbe1fe.jpg,severstal,3,2083,0.508544921875,Class_3
severstal::2a95756e7.jpg,severstal,3,28466,6.94970703125,Class_3
severstal::c44c93192.jpg,severstal,3,26555,6.483154296875,Class_3
severstal::9bba9fd75.jpg,severstal,3,10567,2.579833984375,Class_3
kolektor::train::10874.png,kolektor,4,92,0.06296970609574133,Class_4
severstal::dd2c992b2.jpg,severstal,3,3861,0.942626953125,Class_3
severstal::45a59cfec.jpg,severstal,3,55267,13.492919921875,Class_3
neu::train::crazing_63.jpg,neu,1,25907,64.7675,Class_1
severstal::567e1f981.jpg,severstal,3,2923,0.713623046875,Class_3
severstal::b001f0e9b.jpg,severstal,3,11251,2.746826171875,Class_3
severstal::3fcd061fc.jpg,severstal,1,2102,0.51318359375,Class_1
severstal::3fcd061fc.jpg,severstal,2,4155,1.014404296875,Class_2
neu::train::pitted_surface_232.jpg,neu,4,14592,36.48,Class_4
severstal::66c272e62.jpg,severstal,1,2296,0.560546875,Class_1
neu::train::crazing_1.jpg,neu,1,37056,92.64,Class_1
neu::train::pitted_surface_234.jpg,neu,4,10650,26.625,Class_4
severstal::c83361e9d.jpg,severstal,2,2657,0.648681640625,Class_2
severstal::c579d8413.jpg,severstal,3,12308,3.0048828125,Class_3
severstal::43c0e310c.jpg,severstal,3,13338,3.25634765625,Class_3
severstal::41d7a39dc.jpg,severstal,3,3089,0.754150390625,Class_3
severstal::691680efc.jpg,severstal,3,4444,1.0849609375,Class_3
severstal::a689f4047.jpg,severstal,1,3752,0.916015625,Class_1
severstal::76c20b5af.jpg,severstal,3,18943,4.624755859375,Class_3
severstal::59a2887fd.jpg,severstal,3,287,0.070068359375,Class_3
severstal::02d573611.jpg,severstal,4,13152,3.2109375,Class_4
severstal::ed5d6f10a.jpg,severstal,1,8197,2.001220703125,Class_1
severstal::7b3566fb9.jpg,severstal,1,1653,0.403564453125,Class_1
neu::train::crazing_105.jpg,neu,1,25170,62.925,Class_1
neu::train::crazing_105.jpg,neu,2,4095,10.2375,Class_2
severstal::a2444ac38.jpg,severstal,3,4669,1.139892578125,Class_3
neu::validation::crazing_299.jpg,neu,1,28078,70.195,Class_1
severstal::a13c52c08.jpg,severstal,1,1494,0.36474609375,Class_1
severstal::ea168de6c.jpg,severstal,3,209276,51.0927734375,Class_3
neu::validation::pitted_surface_282.jpg,neu,4,30949,77.3725,Class_4
severstal::b732ea1f3.jpg,severstal,3,48314,11.79541015625,Class_3
severstal::a8fcfff62.jpg,severstal,3,18565,4.532470703125,Class_3
neu::validation::inclusion_250.jpg,neu,2,7128,17.82,Class_2
severstal::a6a6f59c7.jpg,severstal,3,4181,1.020751953125,Class_3
severstal::ae3ad362b.jpg,severstal,3,2555,0.623779296875,Class_3
severstal::8f6b07e84.jpg,severstal,3,11648,2.84375,Class_3
severstal::79c456a92.jpg,severstal,3,34432,8.40625,Class_3
severstal::bfe1815d5.jpg,severstal,1,8645,2.110595703125,Class_1
severstal::c0dee2521.jpg,severstal,3,5380,1.3134765625,Class_3
severstal::0be9bad7b.jpg,severstal,3,4984,1.216796875,Class_3
severstal::0be9bad7b.jpg,severstal,4,32821,8.012939453125,Class_4
severstal::bceeb4256.jpg,severstal,3,106607,26.027099609375,Class_3
severstal::b52933f82.jpg,severstal,3,58314,14.23681640625,Class_3
kolektor::train::10554.png,kolektor,4,1261,0.8641247738610822,Class_4
severstal::bf9b21859.jpg,severstal,3,5939,1.449951171875,Class_3
neu::train::crazing_174.jpg,neu,1,13920,34.8,Class_1
severstal::bfaf69bd5.jpg,severstal,3,3897,0.951416015625,Class_3
severstal::277b133dc.jpg,severstal,3,57465,14.029541015625,Class_3
severstal::8399a4300.jpg,severstal,3,69878,17.06005859375,Class_3
severstal::aefa93267.jpg,severstal,3,3467,0.846435546875,Class_3
severstal::b613acfb7.jpg,severstal,3,1212,0.2958984375,Class_3
severstal::37ea06e86.jpg,severstal,4,14652,3.5771484375,Class_4
severstal::d7b0f2130.jpg,severstal,3,12017,2.933837890625,Class_3
severstal::d3d2df811.jpg,severstal,3,13184,3.21875,Class_3
severstal::48c466789.jpg,severstal,4,28237,6.893798828125,Class_4
severstal::cd64c39a7.jpg,severstal,1,9246,2.25732421875,Class_1
severstal::3eae81bc8.jpg,severstal,3,1515,0.369873046875,Class_3
severstal::3cafcfd96.jpg,severstal,3,2096,0.51171875,Class_3
severstal::3088a6a0d.jpg,severstal,2,3213,0.784423828125,Class_2
severstal::c487b1ce1.jpg,severstal,3,47540,11.6064453125,Class_3
severstal::d291f8de6.jpg,severstal,3,78433,19.148681640625,Class_3
severstal::1bd394dd6.jpg,severstal,3,4386,1.07080078125,Class_3
severstal::e30ea20d9.jpg,severstal,3,144898,35.37548828125,Class_3
severstal::8991e4a44.jpg,severstal,3,4992,1.21875,Class_3
severstal::419dc2472.jpg,severstal,3,58110,14.18701171875,Class_3
severstal::7410d4361.jpg,severstal,3,5207,1.271240234375,Class_3
severstal::22fb4b286.jpg,severstal,3,7708,1.8818359375,Class_3
severstal::ecdebc6ad.jpg,severstal,3,2460,0.6005859375,Class_3
severstal::174af9fd6.jpg,severstal,3,6891,1.682373046875,Class_3
severstal::6a567df0b.jpg,severstal,3,210135,51.302490234375,Class_3
severstal::2f8cf11d3.jpg,severstal,3,8566,2.09130859375,Class_3
neu::train::pitted_surface_2.jpg,neu,4,33186,82.965,Class_4
severstal::7981f7773.jpg,severstal,3,118994,29.05126953125,Class_3
severstal::dfcc8d751.jpg,severstal,3,5828,1.4228515625,Class_3
severstal::5ff6ee14c.jpg,severstal,3,5626,1.37353515625,Class_3
severstal::b3920826e.jpg,severstal,3,26571,6.487060546875,Class_3
neu::train::inclusion_233.jpg,neu,2,5878,14.695,Class_2
severstal::26c3a7dd5.jpg,severstal,3,24399,5.956787109375,Class_3
neu::train::crazing_14.jpg,neu,1,4785,11.9625,Class_1
severstal::d8b6334f7.jpg,severstal,3,13625,3.326416015625,Class_3
severstal::d4e66ad89.jpg,severstal,3,2393,0.584228515625,Class_3
severstal::dab5666d9.jpg,severstal,3,30759,7.509521484375,Class_3
neu::train::crazing_80.jpg,neu,1,7134,17.835,Class_1
neu::train::inclusion_205.jpg,neu,2,11418,28.545,Class_2
severstal::4ecf05db6.jpg,severstal,3,16606,4.05419921875,Class_3
severstal::09b26a624.jpg,severstal,3,16913,4.129150390625,Class_3
kolektor::train::11025.png,kolektor,4,2221,1.5189128933204763,Class_4
severstal::a09e5bfb0.jpg,severstal,4,108179,26.410888671875,Class_4
severstal::42527400c.jpg,severstal,3,13085,3.194580078125,Class_3
severstal::42527400c.jpg,severstal,4,4021,0.981689453125,Class_4
severstal::53fa72f86.jpg,severstal,3,3125,0.762939453125,Class_3
severstal::2b0055ed4.jpg,severstal,3,2499,0.610107421875,Class_3
severstal::206c20ee0.jpg,severstal,3,5354,1.30712890625,Class_3
severstal::c5fa2923b.jpg,severstal,3,1914,0.46728515625,Class_3
severstal::a02fe46b6.jpg,severstal,3,37306,9.10791015625,Class_3
severstal::3604dfc38.jpg,severstal,3,16640,4.0625,Class_3
severstal::2a5fe1870.jpg,severstal,3,33922,8.28173828125,Class_3
severstal::8313b4e90.jpg,severstal,3,59696,14.57421875,Class_3
severstal::3463eedaf.jpg,severstal,3,4143,1.011474609375,Class_3
severstal::66e89afaa.jpg,severstal,1,1289,0.314697265625,Class_1
severstal::b76bbb3cf.jpg,severstal,1,1391,0.339599609375,Class_1
severstal::0bc8070d5.jpg,severstal,3,2333,0.569580078125,Class_3
severstal::aa6bd6ba3.jpg,severstal,3,16735,4.085693359375,Class_3
severstal::4bd15a7ae.jpg,severstal,4,44673,10.906494140625,Class_4
neu::train::inclusion_66.jpg,neu,2,8865,22.1625,Class_2
neu::train::patches_18.jpg,neu,3,13474,33.685,Class_3
neu::train::inclusion_61.jpg,neu,2,10044,25.11,Class_2
severstal::522e17d3e.jpg,severstal,1,6328,1.544921875,Class_1
severstal::1f06bd0a5.jpg,severstal,1,6117,1.493408203125,Class_1
severstal::ec3fe85d6.jpg,severstal,3,3509,0.856689453125,Class_3
severstal::ec3fe85d6.jpg,severstal,4,23059,5.629638671875,Class_4
severstal::0fa3f0dab.jpg,severstal,3,7875,1.922607421875,Class_3
severstal::9efbc9bb6.jpg,severstal,3,65226,15.92431640625,Class_3
severstal::ebdc35de8.jpg,severstal,2,3678,0.89794921875,Class_2
severstal::726271bfe.jpg,severstal,3,38163,9.317138671875,Class_3
severstal::5613bb745.jpg,severstal,3,15223,3.716552734375,Class_3
neu::train::pitted_surface_65.jpg,neu,4,38025,95.0625,Class_4
severstal::063571c5c.jpg,severstal,3,10998,2.68505859375,Class_3
severstal::3e3d92e7e.jpg,severstal,3,3367,0.822021484375,Class_3
severstal::d201f7d4b.jpg,severstal,3,1849,0.451416015625,Class_3
severstal::8ee7a7a6a.jpg,severstal,3,9216,2.25,Class_3
severstal::8d2e8b456.jpg,severstal,3,3249,0.793212890625,Class_3
severstal::8d2e8b456.jpg,severstal,4,18459,4.506591796875,Class_4
neu::train::crazing_118.jpg,neu,1,19235,48.0875,Class_1
severstal::04c3aade7.jpg,severstal,4,36119,8.818115234375,Class_4
severstal::1473a83e2.jpg,severstal,3,6491,1.584716796875,Class_3
severstal::622086df1.jpg,severstal,3,52813,12.893798828125,Class_3
severstal::1fc4c5a4b.jpg,severstal,3,4723,1.153076171875,Class_3
severstal::7ee479373.jpg,severstal,3,10770,2.62939453125,Class_3
severstal::c804959b3.jpg,severstal,3,31514,7.69384765625,Class_3
severstal::277ebde3b.jpg,severstal,1,3505,0.855712890625,Class_1
severstal::b34272d97.jpg,severstal,3,2848,0.6953125,Class_3
neu::train::patches_81.jpg,neu,3,14479,36.1975,Class_3
neu::train::crazing_36.jpg,neu,1,9954,24.885,Class_1
severstal::6aadb8486.jpg,severstal,1,19997,4.882080078125,Class_1
severstal::ac550233a.jpg,severstal,1,2831,0.691162109375,Class_1
severstal::a559091c5.jpg,severstal,1,1380,0.3369140625,Class_1
severstal::fac91988f.jpg,severstal,3,30487,7.443115234375,Class_3
severstal::764fa24b0.jpg,severstal,3,7307,1.783935546875,Class_3
severstal::764fa24b0.jpg,severstal,4,23399,5.712646484375,Class_4
severstal::eaf7443a7.jpg,severstal,3,62018,15.14111328125,Class_3
severstal::fd6208bbc.jpg,severstal,1,10519,2.568115234375,Class_1
severstal::77e1644b2.jpg,severstal,3,73207,17.872802734375,Class_3
severstal::cba39a205.jpg,severstal,3,32076,7.8310546875,Class_3
severstal::7eb32e8b8.jpg,severstal,3,2900,0.7080078125,Class_3
severstal::5a4ca9b10.jpg,severstal,3,45499,11.108154296875,Class_3
severstal::4e1d02f5a.jpg,severstal,3,2931,0.715576171875,Class_3
severstal::15796b4d5.jpg,severstal,3,255797,62.450439453125,Class_3
severstal::0db535c8c.jpg,severstal,3,9023,2.202880859375,Class_3
severstal::0eb09950a.jpg,severstal,3,16182,3.95068359375,Class_3
severstal::df5c68422.jpg,severstal,3,349106,85.23095703125,Class_3
severstal::5574a47da.jpg,severstal,3,8431,2.058349609375,Class_3
severstal::dc6bc2963.jpg,severstal,3,184637,45.077392578125,Class_3
neu::train::crazing_16.jpg,neu,1,7488,18.72,Class_1
severstal::1ab07605b.jpg,severstal,3,5207,1.271240234375,Class_3
severstal::eed932172.jpg,severstal,1,762,0.18603515625,Class_1
severstal::967802d76.jpg,severstal,3,1957,0.477783203125,Class_3
neu::validation::patches_248.jpg,neu,3,15734,39.335,Class_3
severstal::7c6e58a02.jpg,severstal,3,1946,0.47509765625,Class_3
severstal::67fd150c6.jpg,severstal,3,3491,0.852294921875,Class_3
severstal::8645f73f1.jpg,severstal,3,5973,1.458251953125,Class_3
severstal::6a248797a.jpg,severstal,1,2197,0.536376953125,Class_1
severstal::bb3421ee8.jpg,severstal,2,4124,1.0068359375,Class_2
severstal::5370c78e0.jpg,severstal,3,51229,12.507080078125,Class_3
severstal::77a4fe06f.jpg,severstal,3,27520,6.71875,Class_3
severstal::1dba99dc5.jpg,severstal,3,184870,45.13427734375,Class_3
severstal::c7a7f24d9.jpg,severstal,4,16346,3.99072265625,Class_4
severstal::b045a0df2.jpg,severstal,4,22039,5.380615234375,Class_4
kolektor::train::11775.png,kolektor,4,2558,1.7646612443690197,Class_4
neu::validation::inclusion_271.jpg,neu,2,11076,27.69,Class_2
severstal::038f14456.jpg,severstal,4,16320,3.984375,Class_4
severstal::25ba4dfae.jpg,severstal,3,41161,10.049072265625,Class_3
severstal::25ba4dfae.jpg,severstal,4,18740,4.5751953125,Class_4
severstal::47d8d490a.jpg,severstal,3,4759,1.161865234375,Class_3
severstal::29f80893c.jpg,severstal,3,4188,1.0224609375,Class_3
severstal::ace59105f.jpg,severstal,3,5199,1.269287109375,Class_3
severstal::fb1a7bc67.jpg,severstal,3,2776,0.677734375,Class_3
severstal::69f723ceb.jpg,severstal,3,14948,3.6494140625,Class_3
severstal::478ff6696.jpg,severstal,3,36179,8.832763671875,Class_3
severstal::16acf1ed9.jpg,severstal,3,29767,7.267333984375,Class_3
neu::validation::patches_298.jpg,neu,3,10900,27.25,Class_3
severstal::8364cd311.jpg,severstal,4,23415,5.716552734375,Class_4
severstal::d7eb453fe.jpg,severstal,1,4189,1.022705078125,Class_1
neu::train::inclusion_75.jpg,neu,2,10604,26.51,Class_2
severstal::746863c8f.jpg,severstal,3,12247,2.989990234375,Class_3
severstal::3c79d2e28.jpg,severstal,3,10624,2.59375,Class_3
neu::train::pitted_surface_228.jpg,neu,4,34580,86.45,Class_4
severstal::df6e8da02.jpg,severstal,3,4771,1.164794921875,Class_3
severstal::d0b234faa.jpg,severstal,4,35172,8.5869140625,Class_4
severstal::50ac457cb.jpg,severstal,2,2278,0.55615234375,Class_2
severstal::1a603f8dd.jpg,severstal,3,3590,0.87646484375,Class_3
severstal::e9c9ac12d.jpg,severstal,3,27317,6.669189453125,Class_3
severstal::44ada0c0b.jpg,severstal,3,739,0.180419921875,Class_3
severstal::3a8d0b7ba.jpg,severstal,1,3836,0.9365234375,Class_1
neu::train::pitted_surface_168.jpg,neu,4,27443,68.6075,Class_4
severstal::16a50624d.jpg,severstal,4,26474,6.46337890625,Class_4
severstal::1664d4b17.jpg,severstal,3,2856,0.697265625,Class_3
severstal::9f054c54f.jpg,severstal,1,1916,0.4677734375,Class_1
severstal::3dbbb330a.jpg,severstal,3,3765,0.919189453125,Class_3
severstal::1ea40df0e.jpg,severstal,3,7277,1.776611328125,Class_3
severstal::988cf521f.jpg,severstal,1,4665,1.138916015625,Class_1
severstal::6ce9bf7f7.jpg,severstal,3,2766,0.67529296875,Class_3
severstal::162fbb1af.jpg,severstal,3,5563,1.358154296875,Class_3
severstal::0a21ce787.jpg,severstal,3,1661,0.405517578125,Class_3
severstal::b023d90ff.jpg,severstal,3,48597,11.864501953125,Class_3
severstal::5cf1cb974.jpg,severstal,3,2703,0.659912109375,Class_3
severstal::c9091ca20.jpg,severstal,3,2717,0.663330078125,Class_3
severstal::5d8690cf6.jpg,severstal,3,86144,21.03125,Class_3
severstal::051f0d825.jpg,severstal,3,38904,9.498046875,Class_3
severstal::6b01c6257.jpg,severstal,1,5684,1.3876953125,Class_1
severstal::8e2d247c4.jpg,severstal,3,13301,3.247314453125,Class_3
kolektor::train::11093.png,kolektor,4,650,0.42569355303486756,Class_4
severstal::1ef476f3c.jpg,severstal,3,6355,1.551513671875,Class_3
severstal::68a2a6fa7.jpg,severstal,3,29170,7.12158203125,Class_3
severstal::455241741.jpg,severstal,3,18075,4.412841796875,Class_3
severstal::896f524b3.jpg,severstal,3,14548,3.5517578125,Class_3
severstal::add980018.jpg,severstal,3,140443,34.287841796875,Class_3
severstal::543d1e1ea.jpg,severstal,3,23366,5.70458984375,Class_3
severstal::74e593376.jpg,severstal,3,13763,3.360107421875,Class_3
severstal::3740a6dd1.jpg,severstal,3,2407,0.587646484375,Class_3
severstal::9cfa7be25.jpg,severstal,3,19539,4.770263671875,Class_3
severstal::f8a3b9065.jpg,severstal,3,17164,4.1904296875,Class_3
severstal::42353cc21.jpg,severstal,3,69750,17.02880859375,Class_3
severstal::7773445b7.jpg,severstal,3,69395,16.942138671875,Class_3
neu::validation::crazing_275.jpg,neu,1,29924,74.81,Class_1
severstal::c6cb040ad.jpg,severstal,3,5731,1.399169921875,Class_3
neu::validation::inclusion_273.jpg,neu,2,2710,6.775,Class_2
severstal::496790c19.jpg,severstal,3,3865,0.943603515625,Class_3
severstal::f4c5a6321.jpg,severstal,3,4153,1.013916015625,Class_3
neu::validation::crazing_300.jpg,neu,1,30686,76.715,Class_1
severstal::f52e7d092.jpg,severstal,3,13454,3.28466796875,Class_3
severstal::98ed0f752.jpg,severstal,3,41489,10.129150390625,Class_3
severstal::b66e31dfb.jpg,severstal,1,1259,0.307373046875,Class_1
severstal::4d930ad34.jpg,severstal,1,3807,0.929443359375,Class_1
severstal::4695c2d2a.jpg,severstal,3,8803,2.149169921875,Class_3
severstal::7e49d3022.jpg,severstal,3,8595,2.098388671875,Class_3
severstal::d1fdc8367.jpg,severstal,3,4608,1.125,Class_3
severstal::433ee3ba0.jpg,severstal,1,982,0.23974609375,Class_1
severstal::42af54b00.jpg,severstal,3,67306,16.43212890625,Class_3
severstal::488c35cf9.jpg,severstal,3,2521,0.615478515625,Class_3
severstal::cadf3a94f.jpg,severstal,3,36594,8.93408203125,Class_3
severstal::6fb878fef.jpg,severstal,1,2180,0.5322265625,Class_1
kolektor::test::20902.png,kolektor,4,3980,2.72412424196794,Class_4
severstal::1d32009ed.jpg,severstal,3,4786,1.16845703125,Class_3
severstal::b3b742102.jpg,severstal,3,12769,3.117431640625,Class_3
severstal::04ae7853c.jpg,severstal,3,29285,7.149658203125,Class_3
neu::train::patches_57.jpg,neu,3,8108,20.27,Class_3
severstal::71d3b0598.jpg,severstal,3,76125,18.585205078125,Class_3
severstal::8ec0d428d.jpg,severstal,3,4744,1.158203125,Class_3
neu::train::inclusion_15.jpg,neu,2,13755,34.3875,Class_2
severstal::47a629526.jpg,severstal,3,29016,7.083984375,Class_3
severstal::47a629526.jpg,severstal,4,17311,4.226318359375,Class_4
severstal::e51c76beb.jpg,severstal,3,2836,0.6923828125,Class_3
severstal::c33e20d0b.jpg,severstal,3,14254,3.47998046875,Class_3
neu::validation::inclusion_262.jpg,neu,2,15644,39.11,Class_2
severstal::d572dc596.jpg,severstal,3,3783,0.923583984375,Class_3
neu::validation::inclusion_248.jpg,neu,2,7049,17.6225,Class_2
severstal::311edf4e4.jpg,severstal,1,6102,1.48974609375,Class_1
severstal::a18bdb241.jpg,severstal,3,4316,1.0537109375,Class_3
severstal::b4efad45e.jpg,severstal,3,52314,12.77197265625,Class_3
severstal::3e59e0f17.jpg,severstal,3,21205,5.177001953125,Class_3
neu::train::inclusion_211.jpg,neu,2,5890,14.725,Class_2
neu::train::inclusion_4.jpg,neu,2,3236,8.09,Class_2
kolektor::train::12179.png,kolektor,4,13293,9.22862240612048,Class_4
severstal::a8312b3b0.jpg,severstal,1,625,0.152587890625,Class_1
neu::train::inclusion_209.jpg,neu,2,11132,27.83,Class_2
severstal::7a7282702.jpg,severstal,1,6595,1.610107421875,Class_1
severstal::141d72a3f.jpg,severstal,3,6241,1.523681640625,Class_3
severstal::204bcfc88.jpg,severstal,1,8159,1.991943359375,Class_1
severstal::05184e71b.jpg,severstal,3,10665,2.603759765625,Class_3
severstal::dd7ddd0a8.jpg,severstal,3,6359,1.552490234375,Class_3
neu::validation::patches_274.jpg,neu,2,1102,2.755,Class_2
neu::validation::patches_274.jpg,neu,3,4148,10.37,Class_3
severstal::83e65d90e.jpg,severstal,3,61914,15.11572265625,Class_3
severstal::7a249b737.jpg,severstal,1,7120,1.73828125,Class_1
severstal::3c4f32f77.jpg,severstal,3,5397,1.317626953125,Class_3
severstal::2eae7322b.jpg,severstal,3,36812,8.9873046875,Class_3
severstal::6826c7bde.jpg,severstal,1,4079,0.995849609375,Class_1
severstal::11f34f40d.jpg,severstal,3,10723,2.617919921875,Class_3
severstal::bfaa6cae6.jpg,severstal,4,26002,6.34814453125,Class_4
neu::train::patches_15.jpg,neu,3,8183,20.4575,Class_3
severstal::7e9c7f52d.jpg,severstal,3,13515,3.299560546875,Class_3
severstal::5d2fe9f45.jpg,severstal,1,4695,1.146240234375,Class_1
severstal::31f71b8a4.jpg,severstal,3,581,0.141845703125,Class_3
severstal::65f9c520b.jpg,severstal,3,14380,3.5107421875,Class_3
severstal::70807c2c5.jpg,severstal,3,36558,8.92529296875,Class_3
severstal::208825e67.jpg,severstal,3,34993,8.543212890625,Class_3
severstal::e880e3468.jpg,severstal,3,30266,7.38916015625,Class_3
neu::train::pitted_surface_162.jpg,neu,3,1968,4.92,Class_3
neu::train::pitted_surface_162.jpg,neu,4,35136,87.84,Class_4
severstal::4ca64717c.jpg,severstal,3,4880,1.19140625,Class_3
severstal::4243c7476.jpg,severstal,3,4704,1.1484375,Class_3
neu::train::pitted_surface_103.jpg,neu,4,26967,67.4175,Class_4
severstal::5fa81f2b5.jpg,severstal,3,9582,2.33935546875,Class_3
severstal::f98ddb64d.jpg,severstal,4,27465,6.705322265625,Class_4
severstal::23d77b3df.jpg,severstal,3,91172,22.2587890625,Class_3
severstal::7ec4cd778.jpg,severstal,3,24687,6.027099609375,Class_3
severstal::aa14f39fd.jpg,severstal,1,1059,0.258544921875,Class_1
severstal::07b627cb9.jpg,severstal,3,7658,1.86962890625,Class_3
severstal::33754aa9b.jpg,severstal,3,41978,10.24853515625,Class_3
severstal::2111e4f3f.jpg,severstal,3,3387,0.826904296875,Class_3
severstal::42935bb3a.jpg,severstal,1,6100,1.4892578125,Class_1
severstal::af0aad614.jpg,severstal,3,13764,3.3603515625,Class_3
severstal::01540cab1.jpg,severstal,3,13734,3.35302734375,Class_3
severstal::b6c0a38e9.jpg,severstal,3,20194,4.93017578125,Class_3
severstal::226e7fd6c.jpg,severstal,3,11117,2.714111328125,Class_3
neu::validation::patches_250.jpg,neu,3,12681,31.7025,Class_3
severstal::ed4db5cf7.jpg,severstal,3,65765,16.055908203125,Class_3
severstal::d7c2c6ba8.jpg,severstal,3,10033,2.449462890625,Class_3
severstal::27f44281b.jpg,severstal,1,3889,0.949462890625,Class_1
severstal::27f44281b.jpg,severstal,3,594,0.14501953125,Class_3
severstal::684c99351.jpg,severstal,3,11214,2.73779296875,Class_3
severstal::4b9664b0a.jpg,severstal,3,4221,1.030517578125,Class_3
severstal::748dffce7.jpg,severstal,3,5304,1.294921875,Class_3
severstal::73c295786.jpg,severstal,3,3337,0.814697265625,Class_3
neu::train::patches_165.jpg,neu,3,11783,29.4575,Class_3
severstal::c3d7412a0.jpg,severstal,3,54852,13.3916015625,Class_3
severstal::64ca31bd3.jpg,severstal,3,164039,40.048583984375,Class_3
severstal::e9ed21340.jpg,severstal,3,29056,7.09375,Class_3
severstal::a1c385029.jpg,severstal,3,13169,3.215087890625,Class_3
severstal::7be8a27c8.jpg,severstal,1,4570,1.11572265625,Class_1
severstal::4448b4286.jpg,severstal,3,5465,1.334228515625,Class_3
neu::validation::crazing_287.jpg,neu,1,17096,42.74,Class_1
severstal::0167a740e.jpg,severstal,1,2216,0.541015625,Class_1
severstal::1dc8a43ce.jpg,severstal,3,10181,2.485595703125,Class_3
severstal::3da31ea30.jpg,severstal,3,30629,7.477783203125,Class_3
severstal::f1bf46783.jpg,severstal,3,18893,4.612548828125,Class_3
severstal::9e467cb05.jpg,severstal,3,67543,16.489990234375,Class_3
severstal::d0d0e589a.jpg,severstal,3,22140,5.4052734375,Class_3
severstal::2232e0c11.jpg,severstal,3,33163,8.096435546875,Class_3
severstal::8cd6472c3.jpg,severstal,3,5946,1.45166015625,Class_3
severstal::b799d56cd.jpg,severstal,3,5568,1.359375,Class_3
neu::validation::pitted_surface_256.jpg,neu,4,39204,98.01,Class_4
severstal::ce71311e1.jpg,severstal,3,4236,1.0341796875,Class_3
severstal::e8b4ddc4d.jpg,severstal,2,1215,0.296630859375,Class_2
kolektor::train::10235.png,kolektor,4,29837,20.583345405878983,Class_4
severstal::a6af7373c.jpg,severstal,3,13312,3.25,Class_3
severstal::c14eabf41.jpg,severstal,1,835,0.203857421875,Class_1
severstal::1d5eeb9bd.jpg,severstal,3,9359,2.284912109375,Class_3
severstal::a369c5c1f.jpg,severstal,3,18728,4.572265625,Class_3
severstal::42ef7e425.jpg,severstal,3,12296,3.001953125,Class_3
severstal::b71ee7bd0.jpg,severstal,4,27906,6.81298828125,Class_4
severstal::f338038be.jpg,severstal,3,52665,12.857666015625,Class_3
neu::train::crazing_20.jpg,neu,1,13472,33.68,Class_1
neu::train::crazing_20.jpg,neu,3,1443,3.6075,Class_3
neu::train::pitted_surface_158.jpg,neu,4,35717,89.2925,Class_4
severstal::08b10468d.jpg,severstal,4,43926,10.72412109375,Class_4
severstal::d7c560ed5.jpg,severstal,3,91191,22.263427734375,Class_3
neu::train::inclusion_107.jpg,neu,2,3180,7.95,Class_2
kolektor::test::20297.png,kolektor,4,401,0.2635487729537179,Class_4
severstal::30d00096d.jpg,severstal,3,2701,0.659423828125,Class_3
severstal::81b699f38.jpg,severstal,3,8431,2.058349609375,Class_3
kolektor::test::20646.png,kolektor,4,2561,1.7930155707404503,Class_4
severstal::8fb4575f3.jpg,severstal,3,6630,1.61865234375,Class_3
severstal::b229bd6b5.jpg,severstal,3,13345,3.258056640625,Class_3
severstal::0c59df320.jpg,severstal,1,3867,0.944091796875,Class_1
neu::validation::crazing_263.jpg,neu,1,27570,68.925,Class_1
severstal::0da0d2c17.jpg,severstal,3,10065,2.457275390625,Class_3
neu::train::patches_126.jpg,neu,3,8008,20.02,Class_3
kolektor::test::20204.png,kolektor,4,4284,2.880735919091936,Class_4
severstal::e495d5456.jpg,severstal,3,24133,5.891845703125,Class_3
severstal::e495d5456.jpg,severstal,4,34540,8.4326171875,Class_4
severstal::50cfeaca4.jpg,severstal,3,193938,47.34814453125,Class_3
neu::validation::crazing_288.jpg,neu,1,17335,43.3375,Class_1
severstal::4d6da5e7d.jpg,severstal,3,2652,0.6474609375,Class_3
neu::train::crazing_216.jpg,neu,1,34054,85.135,Class_1
severstal::0c5c5644b.jpg,severstal,3,15189,3.708251953125,Class_3
severstal::7dcd9d8e2.jpg,severstal,3,155395,37.938232421875,Class_3
severstal::112b06482.jpg,severstal,3,7529,1.838134765625,Class_3
neu::train::patches_24.jpg,neu,3,12367,30.9175,Class_3
neu::train::inclusion_111.jpg,neu,2,17436,43.59,Class_2
severstal::f0dbecd3d.jpg,severstal,3,11076,2.7041015625,Class_3
severstal::f0dbecd3d.jpg,severstal,4,26743,6.529052734375,Class_4
severstal::39d07881e.jpg,severstal,3,2017,0.492431640625,Class_3
severstal::26d43765f.jpg,severstal,3,9955,2.430419921875,Class_3
severstal::b6f61c6b0.jpg,severstal,4,18628,4.5478515625,Class_4
severstal::9f15729ba.jpg,severstal,3,3094,0.75537109375,Class_3
severstal::cf5e8eb2c.jpg,severstal,3,4776,1.166015625,Class_3
severstal::0603c2340.jpg,severstal,1,2251,0.549560546875,Class_1
neu::train::patches_62.jpg,neu,3,3162,7.905,Class_3
neu::train::inclusion_42.jpg,neu,2,6555,16.3875,Class_2
severstal::6c04c1f61.jpg,severstal,3,8110,1.97998046875,Class_3
severstal::6d9559d13.jpg,severstal,3,3193,0.779541015625,Class_3
severstal::7e6fe6786.jpg,severstal,4,7090,1.73095703125,Class_4
severstal::d2bbde0a4.jpg,severstal,3,26497,6.468994140625,Class_3
severstal::c7755caf9.jpg,severstal,3,74830,18.26904296875,Class_3
severstal::e831de714.jpg,severstal,3,33269,8.122314453125,Class_3
severstal::9f7063103.jpg,severstal,3,60903,14.868896484375,Class_3
neu::train::crazing_119.jpg,neu,1,24509,61.2725,Class_1
severstal::afc26c2a0.jpg,severstal,3,9626,2.35009765625,Class_3
severstal::28adb8aeb.jpg,severstal,1,6756,1.6494140625,Class_1
severstal::2f7334d6f.jpg,severstal,3,7986,1.94970703125,Class_3
severstal::bce9bf82d.jpg,severstal,3,22586,5.51416015625,Class_3
neu::train::pitted_surface_184.jpg,neu,4,38220,95.55,Class_4
severstal::d68b1117c.jpg,severstal,4,40387,9.860107421875,Class_4
neu::train::inclusion_174.jpg,neu,2,2025,5.0625,Class_2
severstal::cb094c2cb.jpg,severstal,3,17055,4.163818359375,Class_3
neu::validation::pitted_surface_289.jpg,neu,4,35360,88.4,Class_4
severstal::9c936d05f.jpg,severstal,3,35312,8.62109375,Class_3
severstal::dc499be11.jpg,severstal,1,4629,1.130126953125,Class_1
severstal::20bb27a04.jpg,severstal,2,3840,0.9375,Class_2
severstal::a33ec265a.jpg,severstal,3,25358,6.19091796875,Class_3
severstal::0aceecf0a.jpg,severstal,3,150006,36.62255859375,Class_3
severstal::854baa70c.jpg,severstal,1,2085,0.509033203125,Class_1
severstal::73d381ad2.jpg,severstal,1,1762,0.43017578125,Class_1
severstal::4fcacdb3a.jpg,severstal,3,26062,6.36279296875,Class_3
severstal::6d97f7c81.jpg,severstal,1,4449,1.086181640625,Class_1
severstal::7a2908c51.jpg,severstal,3,1738,0.42431640625,Class_3
severstal::d9ce68f4f.jpg,severstal,3,32916,8.0361328125,Class_3
neu::train::pitted_surface_4.jpg,neu,4,26136,65.34,Class_4
severstal::e473f2647.jpg,severstal,3,1384,0.337890625,Class_3
severstal::dd1683e7b.jpg,severstal,3,12011,2.932373046875,Class_3
severstal::aad06b99e.jpg,severstal,3,8871,2.165771484375,Class_3
severstal::008ef3d74.jpg,severstal,1,2066,0.50439453125,Class_1
severstal::008ef3d74.jpg,severstal,2,3210,0.78369140625,Class_2
severstal::4d042c66f.jpg,severstal,3,81555,19.910888671875,Class_3
neu::train::crazing_209.jpg,neu,1,26070,65.175,Class_1
severstal::931c4b9aa.jpg,severstal,3,8907,2.174560546875,Class_3
severstal::4dba4db98.jpg,severstal,3,44721,10.918212890625,Class_3
severstal::97bbf0668.jpg,severstal,3,35127,8.575927734375,Class_3
severstal::5b175c18c.jpg,severstal,3,79786,19.47900390625,Class_3
severstal::a3148f47c.jpg,severstal,2,3980,0.9716796875,Class_2
severstal::2d15d9135.jpg,severstal,3,4601,1.123291015625,Class_3
severstal::f3a5aa94c.jpg,severstal,3,8832,2.15625,Class_3
severstal::a5ac1a50b.jpg,severstal,3,45850,11.19384765625,Class_3
severstal::faa1000af.jpg,severstal,3,5968,1.45703125,Class_3
severstal::d6b6434e5.jpg,severstal,3,11834,2.88916015625,Class_3
severstal::8248c9b1d.jpg,severstal,3,7523,1.836669921875,Class_3
severstal::8248c9b1d.jpg,severstal,4,100799,24.609130859375,Class_4
severstal::1b7669eb4.jpg,severstal,3,142502,34.79052734375,Class_3
neu::train::inclusion_13.jpg,neu,2,19662,49.155,Class_2
severstal::6f998a931.jpg,severstal,3,1187,0.289794921875,Class_3
severstal::cfeaf9434.jpg,severstal,3,28377,6.927978515625,Class_3
severstal::dcd1ff127.jpg,severstal,4,38193,9.324462890625,Class_4
severstal::aeb94b95f.jpg,severstal,2,1436,0.3505859375,Class_2
severstal::c8e4b3a1e.jpg,severstal,3,26936,6.576171875,Class_3
severstal::73059a959.jpg,severstal,3,415,0.101318359375,Class_3
severstal::eceb96837.jpg,severstal,3,29761,7.265869140625,Class_3
severstal::c828ece4b.jpg,severstal,3,5641,1.377197265625,Class_3
severstal::4dc8b9c03.jpg,severstal,3,17983,4.390380859375,Class_3
severstal::ee0979b81.jpg,severstal,3,79826,19.48876953125,Class_3
severstal::102ac71fd.jpg,severstal,3,9071,2.214599609375,Class_3
severstal::a10a35f4f.jpg,severstal,3,49152,12.0,Class_3
neu::train::patches_235.jpg,neu,3,18446,46.115,Class_3
severstal::275e3bca6.jpg,severstal,3,14080,3.4375,Class_3
severstal::3fb68881e.jpg,severstal,3,17191,4.197021484375,Class_3
severstal::daacde94c.jpg,severstal,3,156106,38.11181640625,Class_3
severstal::18fc395b4.jpg,severstal,1,5281,1.289306640625,Class_1
severstal::a1982cad5.jpg,severstal,3,3817,0.931884765625,Class_3
kolektor::train::10574.png,kolektor,4,5113,3.6419454099948716,Class_4
severstal::8e5f4851e.jpg,severstal,3,23425,5.718994140625,Class_3
neu::train::pitted_surface_30.jpg,neu,4,39601,99.0025,Class_4
severstal::de114dfdd.jpg,severstal,4,48610,11.86767578125,Class_4
severstal::c5af9872c.jpg,severstal,3,7607,1.857177734375,Class_3
severstal::8a3de2473.jpg,severstal,3,32045,7.823486328125,Class_3
severstal::ba1ce59a8.jpg,severstal,3,1607,0.392333984375,Class_3
severstal::b46ecc387.jpg,severstal,3,51564,12.5888671875,Class_3
severstal::dc1acc527.jpg,severstal,3,40251,9.826904296875,Class_3
severstal::cc9006402.jpg,severstal,3,17183,4.195068359375,Class_3
severstal::c1f1011b0.jpg,severstal,4,10702,2.61279296875,Class_4
severstal::90246e919.jpg,severstal,4,38257,9.340087890625,Class_4
severstal::b8f1c53e2.jpg,severstal,1,7484,1.8271484375,Class_1
severstal::a912cf0b9.jpg,severstal,3,8727,2.130615234375,Class_3
severstal::9169b4f3a.jpg,severstal,3,473,0.115478515625,Class_3
severstal::3a53d95f3.jpg,severstal,3,3396,0.8291015625,Class_3
severstal::9570a27f4.jpg,severstal,3,4224,1.03125,Class_3
severstal::4e7ba4854.jpg,severstal,3,7388,1.8037109375,Class_3
severstal::229500455.jpg,severstal,1,5368,1.310546875,Class_1
severstal::a5e7b9502.jpg,severstal,3,91938,22.44580078125,Class_3
severstal::415dd1efd.jpg,severstal,3,79348,19.3720703125,Class_3
severstal::86752d23a.jpg,severstal,3,2125,0.518798828125,Class_3
severstal::b10ca1dc4.jpg,severstal,3,72970,17.81494140625,Class_3
severstal::00af2671f.jpg,severstal,3,37903,9.253662109375,Class_3
neu::train::inclusion_139.jpg,neu,2,2963,7.4075,Class_2
severstal::b0254cb54.jpg,severstal,3,8103,1.978271484375,Class_3
severstal::130e11be6.jpg,severstal,3,91833,22.420166015625,Class_3
severstal::9c522d453.jpg,severstal,3,11460,2.7978515625,Class_3
severstal::1849f8952.jpg,severstal,4,15851,3.869873046875,Class_4
severstal::09b428fe0.jpg,severstal,1,6723,1.641357421875,Class_1
severstal::719519f07.jpg,severstal,1,10759,2.626708984375,Class_1
severstal::0adc17f1d.jpg,severstal,4,100622,24.56591796875,Class_4
severstal::49a0e2310.jpg,severstal,3,5100,1.2451171875,Class_3
severstal::cd475d2a3.jpg,severstal,3,175784,42.916015625,Class_3
severstal::1b6743f6e.jpg,severstal,3,8285,2.022705078125,Class_3
severstal::b110ca8c2.jpg,severstal,3,3174,0.77490234375,Class_3
severstal::e6c32de72.jpg,severstal,3,10869,2.653564453125,Class_3
severstal::75c6af69c.jpg,severstal,3,11731,2.864013671875,Class_3
severstal::b138e942e.jpg,severstal,4,16776,4.095703125,Class_4
neu::train::inclusion_54.jpg,neu,2,6627,16.5675,Class_2
severstal::088a6bb94.jpg,severstal,3,13042,3.18408203125,Class_3
severstal::431234941.jpg,severstal,3,57610,14.06494140625,Class_3
severstal::accc38459.jpg,severstal,3,5337,1.302978515625,Class_3
neu::train::pitted_surface_29.jpg,neu,4,39006,97.515,Class_4
severstal::3ee680a42.jpg,severstal,3,26311,6.423583984375,Class_3
kolektor::train::10352.png,kolektor,4,2408,1.6442022751171017,Class_4
kolektor::train::11553.png,kolektor,4,607,0.42073889235461287,Class_4
severstal::b90f74ebe.jpg,severstal,3,29990,7.32177734375,Class_3
neu::train::pitted_surface_221.jpg,neu,4,32661,81.6525,Class_4
severstal::60a5ee89e.jpg,severstal,3,4288,1.046875,Class_3
severstal::2253d7244.jpg,severstal,3,24836,6.0634765625,Class_3
severstal::4e36f104c.jpg,severstal,3,4359,1.064208984375,Class_3
severstal::b9517e2e2.jpg,severstal,3,54520,13.310546875,Class_3
severstal::ce68af0bf.jpg,severstal,3,12236,2.9873046875,Class_3
severstal::8e11e6dff.jpg,severstal,3,118529,28.937744140625,Class_3
neu::train::crazing_192.jpg,neu,1,21756,54.39,Class_1
neu::train::inclusion_212.jpg,neu,2,5364,13.41,Class_2
severstal::90f4dd6e5.jpg,severstal,2,3751,0.915771484375,Class_2
severstal::5a3e79676.jpg,severstal,3,3855,0.941162109375,Class_3
severstal::8cb9d43f0.jpg,severstal,4,7551,1.843505859375,Class_4
severstal::ee0f815a0.jpg,severstal,3,6784,1.65625,Class_3
neu::train::crazing_86.jpg,neu,1,30400,76.0,Class_1
severstal::ac39eca81.jpg,severstal,1,5522,1.34814453125,Class_1
severstal::6143631ab.jpg,severstal,3,2746,0.67041015625,Class_3
neu::train::pitted_surface_173.jpg,neu,3,3225,8.0625,Class_3
neu::train::pitted_surface_173.jpg,neu,4,35672,89.18,Class_4
neu::train::pitted_surface_200.jpg,neu,4,25280,63.2,Class_4
severstal::e7e2036ef.jpg,severstal,3,31327,7.648193359375,Class_3
severstal::0b475b419.jpg,severstal,3,3425,0.836181640625,Class_3
neu::train::inclusion_8.jpg,neu,2,4962,12.405,Class_2
severstal::ae6b5adc2.jpg,severstal,3,49214,12.01513671875,Class_3
severstal::fdf3a16fc.jpg,severstal,3,5612,1.3701171875,Class_3
severstal::8ad6069fe.jpg,severstal,3,5002,1.22119140625,Class_3
severstal::c4d5657bc.jpg,severstal,3,35765,8.731689453125,Class_3
severstal::a732b1b72.jpg,severstal,1,7636,1.8642578125,Class_1
severstal::a909833f5.jpg,severstal,3,2557,0.624267578125,Class_3
neu::train::patches_215.jpg,neu,3,35386,88.465,Class_3
severstal::9170e3614.jpg,severstal,3,56061,13.686767578125,Class_3
severstal::1387583da.jpg,severstal,3,66060,16.1279296875,Class_3
kolektor::train::11905.png,kolektor,4,4521,3.1524558614341895,Class_4
severstal::8a35c59f9.jpg,severstal,1,12787,3.121826171875,Class_1
severstal::a9945ecd5.jpg,severstal,3,13544,3.306640625,Class_3
neu::train::inclusion_18.jpg,neu,2,13738,34.345,Class_2
severstal::68150e7ff.jpg,severstal,3,95080,23.212890625,Class_3
severstal::d67745c5b.jpg,severstal,2,4598,1.12255859375,Class_2
severstal::8d84eea51.jpg,severstal,3,3042,0.74267578125,Class_3
severstal::d6d2ca6e1.jpg,severstal,2,5244,1.2802734375,Class_2
severstal::d6d2ca6e1.jpg,severstal,3,9240,2.255859375,Class_3
neu::train::patches_72.jpg,neu,3,4528,11.32,Class_3
severstal::d96baa2ce.jpg,severstal,3,54264,13.248046875,Class_3
severstal::736c09835.jpg,severstal,1,15666,3.82470703125,Class_1
severstal::1fcecb643.jpg,severstal,3,3788,0.9248046875,Class_3
kolektor::test::20465.png,kolektor,4,5111,3.808608304271364,Class_4
severstal::9f2871e90.jpg,severstal,3,8320,2.03125,Class_3
severstal::321975fb3.jpg,severstal,3,3603,0.879638671875,Class_3
severstal::963e616e0.jpg,severstal,3,19100,4.6630859375,Class_3
severstal::d8a8fed32.jpg,severstal,3,91097,22.240478515625,Class_3
neu::train::crazing_94.jpg,neu,1,20181,50.4525,Class_1
severstal::5afa3d1e3.jpg,severstal,3,62400,15.234375,Class_3
severstal::204949166.jpg,severstal,1,6171,1.506591796875,Class_1
severstal::5810e2d40.jpg,severstal,3,40163,9.805419921875,Class_3
severstal::1c75c4ebd.jpg,severstal,3,12722,3.10595703125,Class_3
severstal::33f5cdc5e.jpg,severstal,4,58525,14.288330078125,Class_4
severstal::977eee415.jpg,severstal,3,20682,5.04931640625,Class_3
severstal::a5aa4829b.jpg,severstal,3,11482,2.80322265625,Class_3
severstal::bf83e7037.jpg,severstal,3,23466,5.72900390625,Class_3
severstal::e03bf53d8.jpg,severstal,3,6393,1.560791015625,Class_3
severstal::167d6930a.jpg,severstal,3,14481,3.535400390625,Class_3
severstal::e9e04715b.jpg,severstal,4,8761,2.138916015625,Class_4
neu::train::patches_9.jpg,neu,3,5475,13.6875,Class_3
severstal::bbf8b7ad8.jpg,severstal,3,2025,0.494384765625,Class_3
severstal::8d52d3c30.jpg,severstal,3,26406,6.44677734375,Class_3
severstal::e857c7372.jpg,severstal,1,1074,0.26220703125,Class_1
neu::train::pitted_surface_147.jpg,neu,4,39402,98.505,Class_4
severstal::4dcb6f67a.jpg,severstal,3,5366,1.31005859375,Class_3
severstal::cb7c34c05.jpg,severstal,1,9485,2.315673828125,Class_1
severstal::039577d49.jpg,severstal,3,19897,4.857666015625,Class_3
severstal::bbcf45362.jpg,severstal,3,38614,9.42724609375,Class_3
severstal::047fa15d0.jpg,severstal,3,16128,3.9375,Class_3
severstal::e195c6b17.jpg,severstal,3,3693,0.901611328125,Class_3
severstal::398a5b6a9.jpg,severstal,3,6058,1.47900390625,Class_3
kolektor::train::12288.png,kolektor,4,1938,1.3390636227958654,Class_4
severstal::67a174dc4.jpg,severstal,3,9955,2.430419921875,Class_3
kolektor::train::10354.png,kolektor,4,1744,1.2342533616418967,Class_4
severstal::9e39834da.jpg,severstal,3,47448,11.583984375,Class_3
severstal::8e5a5ca0f.jpg,severstal,3,13182,3.21826171875,Class_3
severstal::c63388081.jpg,severstal,3,6035,1.473388671875,Class_3
severstal::c63388081.jpg,severstal,4,10716,2.6162109375,Class_4
neu::train::patches_130.jpg,neu,3,16745,41.8625,Class_3
severstal::00bf8497a.jpg,severstal,3,5321,1.299072265625,Class_3
severstal::d77e9ff45.jpg,severstal,4,3494,0.85302734375,Class_4
severstal::13ab7b13e.jpg,severstal,3,144144,35.19140625,Class_3
severstal::f67811762.jpg,severstal,3,13903,3.394287109375,Class_3
severstal::6b0b37549.jpg,severstal,4,15310,3.73779296875,Class_4
severstal::44c129ab7.jpg,severstal,3,20738,5.06298828125,Class_3
neu::train::patches_35.jpg,neu,3,9435,23.5875,Class_3
severstal::ec921fcc7.jpg,severstal,3,1594,0.38916015625,Class_3
severstal::a831d2806.jpg,severstal,3,58925,14.385986328125,Class_3
severstal::6b4308d55.jpg,severstal,3,3922,0.95751953125,Class_3
severstal::b1d574c91.jpg,severstal,4,54369,13.273681640625,Class_4
neu::train::inclusion_124.jpg,neu,2,9633,24.0825,Class_2
severstal::d03dd68d9.jpg,severstal,3,4478,1.09326171875,Class_3
